event_id,prediction_probability,prediction_probability
8c279d0c-af1c-11ea-8910-4865ee11b869,0.5880125,0.5880125
8ca77210-af1c-11ea-a1d3-4865ee11b869,0.96571463,0.96571463
8cb12f74-af1c-11ea-85c6-4865ee11b869,0.9246407,0.9246407
8cee839c-af1c-11ea-9c9a-4865ee11b869,0.9661293,0.9661293
8d97ef18-af1c-11ea-bda1-4865ee11b869,0.7954244,0.7954244
8dd3e4ac-af1c-11ea-ab37-4865ee11b869,0.966051,0.966051
8f19b680-af1c-11ea-853b-4865ee11b869,0.111723505,0.111723505
939f7e6c-af1c-11ea-9693-4865ee11b869,0.96505105,0.96505105
939560b8-af1c-11ea-a19d-4865ee11b869,0.55919254,0.55919254
188b929e-47af-11ec-a3ad-0242ac130002,0.93754405,0.93754405
93d0e0b6-af1c-11ea-af54-4865ee11b869,0.114773065,0.114773065
93a97668-af1c-11ea-846b-4865ee11b869,0.96369576,0.96369576
06124446-47af-11ec-a3ad-0242ac130002,0.964402,0.964402
93daebde-af1c-11ea-a3c6-4865ee11b869,0.9654441,0.9654441
93c6d578-af1c-11ea-ad7c-4865ee11b869,0.93969727,0.93969727
9428d6a4-af1c-11ea-8735-4865ee11b869,0.9564538,0.9564538
941ea46c-af1c-11ea-bc2b-4865ee11b869,0.9663575,0.9663575
943c6542-af1c-11ea-8f87-4865ee11b869,0.10930928,0.10930928
9445fbd8-af1c-11ea-9a96-4865ee11b869,0.96507037,0.96507037
9459c49c-af1c-11ea-a7d9-4865ee11b869,0.9663495,0.9663495
9476d614-af1c-11ea-b473-4865ee11b869,0.9672133,0.9672133
94a825be-af1c-11ea-b5c4-4865ee11b869,0.10375053,0.10375053
946cf954-af1c-11ea-a916-4865ee11b869,0.33499655,0.33499655
948b4eae-af1c-11ea-9a74-4865ee11b869,0.9656734,0.9656734
949532fa-af1c-11ea-afc3-4865ee11b869,0.91221243,0.91221243
94817d28-af1c-11ea-a560-4865ee11b869,0.37713197,0.37713197
94b1e312-af1c-11ea-b141-4865ee11b869,0.09018382,0.09018382
94bbee4a-af1c-11ea-997c-4865ee11b869,0.08866229,0.08866229
95437362-af1c-11ea-be3f-4865ee11b869,0.87368333,0.87368333
9539c8da-af1c-11ea-8835-4865ee11b869,0.969737,0.969737
95300b86-af1c-11ea-9ef5-4865ee11b869,0.6802344,0.6802344
9573ec10-af1c-11ea-bd0f-4865ee11b869,0.83266747,0.83266747
95915f28-af1c-11ea-aa3e-4865ee11b869,0.10126874,0.10126874
957dbd58-af1c-11ea-a9b1-4865ee11b869,0.9668817,0.9668817
95877ae2-af1c-11ea-b75c-4865ee11b869,0.96537644,0.96537644
956a2ea8-af1c-11ea-99b2-4865ee11b869,0.9663228,0.9663228
95a46524-af1c-11ea-8b72-4865ee11b869,0.9670699,0.9670699
95b7db92-af1c-11ea-addc-4865ee11b869,0.8577224,0.8577224
95ae38c8-af1c-11ea-8c23-4865ee11b869,0.9651262,0.9651262
95d52780-af1c-11ea-b027-4865ee11b869,0.16527875,0.16527875
95cb6a10-af1c-11ea-84ec-4865ee11b869,0.094092414,0.094092414
95c185e2-af1c-11ea-9da9-4865ee11b869,0.10519401,0.10519401
95f29a48-af1c-11ea-ba92-4865ee11b869,0.14803301,0.14803301
95e88f1a-af1c-11ea-8354-4865ee11b869,0.11963782,0.11963782
96061502-af1c-11ea-a093-4865ee11b869,0.104871556,0.104871556
95fc57ae-af1c-11ea-bd08-4865ee11b869,0.96225166,0.96225166
95ded1be-af1c-11ea-b893-4865ee11b869,0.09872863,0.09872863
962cbc6e-af1c-11ea-9507-4865ee11b869,0.10359987,0.10359987
963679c2-af1c-11ea-a3f4-4865ee11b869,0.13409048,0.13409048
96403718-af1c-11ea-a29e-4865ee11b869,0.96557987,0.96557987
9622ff0a-af1c-11ea-b79c-4865ee11b869,0.96429193,0.96429193
965d960a-af1c-11ea-8e0b-4865ee11b869,0.9010983,0.9010983
9653d8ae-af1c-11ea-8c5c-4865ee11b869,0.9667522,0.9667522
964a1b52-af1c-11ea-b4a1-4865ee11b869,0.925321,0.925321
967a940c-af1c-11ea-a1d8-4865ee11b869,0.96266925,0.96266925
968e2386-af1c-11ea-a387-4865ee11b869,0.111339204,0.111339204
9697e0da-af1c-11ea-830f-4865ee11b869,0.09807207,0.09807207
96a1ec0a-af1c-11ea-9cd6-4865ee11b869,0.8003194,0.8003194
96847868-af1c-11ea-a472-4865ee11b869,0.17106621,0.17106621
96abb2dc-af1c-11ea-b1de-4865ee11b869,0.09142226,0.09142226
96b55cee-af1c-11ea-a863-4865ee11b869,0.9702824,0.9702824
96bf413a-af1c-11ea-9426-4865ee11b869,0.27585822,0.27585822
96d2bbec-af1c-11ea-9053-4865ee11b869,0.8530984,0.8530984
96fa2622-af1c-11ea-86c9-4865ee11b869,0.711216,0.711216
97219066-af1c-11ea-8ce9-4865ee11b869,0.5177815,0.5177815
970e15a6-af1c-11ea-8df0-4865ee11b869,0.96601784,0.96601784
97040a6e-af1c-11ea-bacb-4865ee11b869,0.968344,0.968344
9717d300-af1c-11ea-8b11-4865ee11b869,0.96570927,0.96570927
972b26c6-af1c-11ea-a5b8-4865ee11b869,0.96406335,0.96406335
9734e41c-af1c-11ea-a36f-4865ee11b869,0.097528145,0.097528145
9751f524-af1c-11ea-be61-4865ee11b869,0.099528246,0.099528246
973ea170-af1c-11ea-ae1c-4865ee11b869,0.9664947,0.9664947
97485ec6-af1c-11ea-b41c-4865ee11b869,0.96340317,0.96340317
987c23fa-af1c-11ea-843c-4865ee11b869,0.9668453,0.9668453
98a3b510-af1c-11ea-94d4-4865ee11b869,0.79121494,0.79121494
98c11414-af1c-11ea-9ea3-4865ee11b869,0.966239,0.966239
98fb95ae-af1c-11ea-aa89-4865ee11b869,0.9655564,0.9655564
9921baee-af1c-11ea-8df6-4865ee11b869,0.8445541,0.8445541
99813400-af1c-11ea-be9e-4865ee11b869,0.64560694,0.64560694
9b1ad862-af1c-11ea-ab07-4865ee11b869,0.91232747,0.91232747
9b10f40c-af1c-11ea-ad44-4865ee11b869,0.8054007,0.8054007
9b2495c6-af1c-11ea-b0c7-4865ee11b869,0.96525437,0.96525437
9b8f47c2-af1c-11ea-84aa-4865ee11b869,0.108021654,0.108021654
9b7173dc-af1c-11ea-9242-4865ee11b869,0.9649353,0.9649353
9b5dc2ba-af1c-11ea-b7cb-4865ee11b869,0.23402148,0.23402148
9b678fa6-af1c-11ea-bd62-4865ee11b869,0.9659648,0.9659648
9b7b312e-af1c-11ea-b2fd-4865ee11b869,0.8985756,0.8985756
9b9952ec-af1c-11ea-a8f3-4865ee11b869,0.96508014,0.96508014
9ba35e34-af1c-11ea-bf3f-4865ee11b869,0.1744871,0.1744871
9bad1b98-af1c-11ea-ad37-4865ee11b869,0.43802053,0.43802053
9bd485cc-af1c-11ea-81c3-4865ee11b869,0.11621971,0.11621971
9bcaa174-af1c-11ea-ae64-4865ee11b869,0.96450156,0.96450156
9be8276e-af1c-11ea-8dbf-4865ee11b869,0.9689226,0.9689226
9c059a0c-af1c-11ea-98d8-4865ee11b869,0.54392886,0.54392886
9c2d23b0-af1c-11ea-8ffe-4865ee11b869,0.097400256,0.097400256
9bfbb5d8-af1c-11ea-8f24-4865ee11b869,0.9300289,0.9300289
9c1943ee-af1c-11ea-9bc6-4865ee11b869,0.9641437,0.9641437
9c36e106-af1c-11ea-96f7-4865ee11b869,0.9651431,0.9651431
9c40ec34-af1c-11ea-a5ed-4865ee11b869,0.2806807,0.2806807
9c4ad090-af1c-11ea-8c94-4865ee11b869,0.108544245,0.108544245
6a774150-af1c-11ea-851b-4865ee11b869,0.9677019,0.9677019
6ac4902e-af1c-11ea-a040-4865ee11b869,0.9668233,0.9668233
6ae4ac64-af1c-11ea-8a0d-4865ee11b869,0.09756172,0.09756172
6aab9af6-af1c-11ea-b9f8-4865ee11b869,0.8951927,0.8951927
6aa3ff1c-af1c-11ea-a001-4865ee11b869,0.9642235,0.9642235
6ad48acc-af1c-11ea-85ef-4865ee11b869,0.10321448,0.10321448
6aec9636-af1c-11ea-9b2e-4865ee11b869,0.96689826,0.96689826
6ab3d2ca-af1c-11ea-9cc1-4865ee11b869,0.9680388,0.9680388
6af4f4ee-af1c-11ea-bdab-4865ee11b869,0.12984568,0.12984568
6afce0da-af1c-11ea-9727-4865ee11b869,0.19326867,0.19326867
6b0d0270-af1c-11ea-a1f4-4865ee11b869,0.22775781,0.22775781
6b0518a4-af1c-11ea-b616-4865ee11b869,0.11952007,0.11952007
6b14c542-af1c-11ea-9a5c-4865ee11b869,0.10485079,0.10485079
6b2d45c2-af1c-11ea-8a6b-4865ee11b869,0.13991201,0.13991201
6b59274a-af1c-11ea-952b-4865ee11b869,0.11226151,0.11226151
6b4a7768-af1c-11ea-95ed-4865ee11b869,0.10106765,0.10106765
6b67ea46-af1c-11ea-830d-4865ee11b869,0.09877754,0.09877754
6b24991e-af1c-11ea-89f9-4865ee11b869,0.95766467,0.95766467
6b3b799a-af1c-11ea-9447-4865ee11b869,0.66278464,0.66278464
6b60754a-af1c-11ea-9646-4865ee11b869,0.80835485,0.80835485
6b76ad26-af1c-11ea-9a26-4865ee11b869,0.96524256,0.96524256
6baadff0-af1c-11ea-b29c-4865ee11b869,0.4054611,0.4054611
6ba17086-af1c-11ea-a655-4865ee11b869,0.9658675,0.9658675
6bfb9bf4-af1c-11ea-9dae-4865ee11b869,0.10958646,0.10958646
6c0310e8-af1c-11ea-9e93-4865ee11b869,0.26349553,0.26349553
6c0a10fa-af1c-11ea-8f06-4865ee11b869,0.96571255,0.96571255
6c3aeb8a-af1c-11ea-b08f-4865ee11b869,0.9682193,0.9682193
6c4d4258-af1c-11ea-b284-4865ee11b869,0.13389607,0.13389607
6c20bdf6-af1c-11ea-9072-4865ee11b869,0.9549397,0.9549397
6c18acfe-af1c-11ea-8f05-4865ee11b869,0.13900702,0.13900702
6c29098a-af1c-11ea-bb7f-4865ee11b869,0.96160346,0.96160346
6c445aec-af1c-11ea-8714-4865ee11b869,0.96423906,0.96423906
6c5cf28c-af1c-11ea-8717-4865ee11b869,0.9651859,0.9651859
6c550542-af1c-11ea-9dd5-4865ee11b869,0.95635957,0.95635957
6c648b02-af1c-11ea-9642-4865ee11b869,0.96772647,0.96772647
6c6c9bcc-af1c-11ea-a3d6-4865ee11b869,0.9599378,0.9599378
6c7bfa90-af1c-11ea-bc3c-4865ee11b869,0.9684993,0.9684993
6c93432e-af1c-11ea-b29f-4865ee11b869,0.96462274,0.96462274
6cc1389c-af1c-11ea-aa39-4865ee11b869,0.091341965,0.091341965
6caad9b8-af1c-11ea-bb33-4865ee11b869,0.097724795,0.097724795
6c9b2d00-af1c-11ea-8c2e-4865ee11b869,0.78215414,0.78215414
6cb2ea8a-af1c-11ea-bf3e-4865ee11b869,0.96502537,0.96502537
6cf41a2c-af1c-11ea-82d6-4865ee11b869,0.12382112,0.12382112
6cded268-af1c-11ea-929c-4865ee11b869,0.093629345,0.093629345
6ce60662-af1c-11ea-aa13-4865ee11b869,0.16137685,0.16137685
6cd75d74-af1c-11ea-854c-4865ee11b869,0.10126051,0.10126051
6ed08afa-af1c-11ea-a279-4865ee11b869,0.965086,0.965086
6ef299f4-af1c-11ea-862c-4865ee11b869,0.96452254,0.96452254
6f01f8b8-af1c-11ea-a66b-4865ee11b869,0.96496314,0.96496314
6f14004a-af1c-11ea-b2e6-4865ee11b869,0.9670532,0.9670532
71956168-af1c-11ea-a69c-4865ee11b869,0.123958364,0.123958364
719d722e-af1c-11ea-aeed-4865ee11b869,0.9658194,0.9658194
7256638c-af1c-11ea-b8b3-4865ee11b869,0.96394783,0.96394783
7770d022-af1c-11ea-81c9-4865ee11b869,0.9649779,0.9649779
7777f72e-af1c-11ea-b5fc-4865ee11b869,0.96454364,0.96454364
77e0359e-af1c-11ea-b7fd-4865ee11b869,0.96582824,0.96582824
77ca24ac-af1c-11ea-852a-4865ee11b869,0.96531785,0.96531785
77d8c0ac-af1c-11ea-9280-4865ee11b869,0.24650443,0.24650443
77e7aa98-af1c-11ea-8d71-4865ee11b869,0.10439072,0.10439072
77ef0c74-af1c-11ea-abb7-4865ee11b869,0.9647539,0.9647539
77f68168-af1c-11ea-818a-4865ee11b869,0.9660874,0.9660874
77fdcf66-af1c-11ea-aad7-4865ee11b869,0.21127518,0.21127518
78051d68-af1c-11ea-9730-4865ee11b869,0.1054555,0.1054555
7813b966-af1c-11ea-93bf-4865ee11b869,0.09300851,0.09300851
78318d62-af1c-11ea-a0e5-4865ee11b869,0.12153341,0.12153341
782a186e-af1c-11ea-aeb0-4865ee11b869,0.9669445,0.9669445
7838db8a-af1c-11ea-bfb9-4865ee11b869,0.9666428,0.9666428
784f005e-af1c-11ea-b21c-4865ee11b869,0.7323992,0.7323992
78563b10-af1c-11ea-9f2f-4865ee11b869,0.70134985,0.70134985
78405080-af1c-11ea-9845-4865ee11b869,0.18884087,0.18884087
7872fe38-af1c-11ea-b4ef-4865ee11b869,0.9648734,0.9648734
78819a42-af1c-11ea-aa89-4865ee11b869,0.9644829,0.9644829
7888e83e-af1c-11ea-8506-4865ee11b869,0.43197054,0.43197054
78b4206e-af1c-11ea-b7ff-4865ee11b869,0.1267733,0.1267733
78aa1518-af1c-11ea-a6b4-4865ee11b869,0.9647938,0.9647938
794eae58-af1c-11ea-861a-4865ee11b869,0.7973651,0.7973651
7956234c-af1c-11ea-b36b-4865ee11b869,0.9647935,0.9647935
797b6c18-af1c-11ea-89ed-4865ee11b869,0.10340122,0.10340122
7973d02c-af1c-11ea-821a-4865ee11b869,0.11067435,0.11067435
798a55fa-af1c-11ea-be06-4865ee11b869,0.10322057,0.10322057
79650d38-af1c-11ea-b597-4865ee11b869,0.1487275,0.1487275
79d3eabe-af1c-11ea-b98b-4865ee11b869,0.8684089,0.8684089
79dde300-af1c-11ea-bf7c-4865ee11b869,0.25480372,0.25480372
79eec790-af1c-11ea-a3bc-4865ee11b869,0.09380578,0.09380578
7a06ac78-af1c-11ea-950c-4865ee11b869,0.09403353,0.09403353
79e668d2-af1c-11ea-8423-4865ee11b869,0.96506864,0.96506864
7a11ef68-af1c-11ea-9763-4865ee11b869,0.965594,0.965594
7a18efa6-af1c-11ea-a189-4865ee11b869,0.26536307,0.26536307
7a20d986-af1c-11ea-a5d9-4865ee11b869,0.58500946,0.58500946
7a2aaab4-af1c-11ea-ace9-4865ee11b869,0.9687964,0.9687964
7a8c0ff6-af1c-11ea-8373-4865ee11b869,0.96779424,0.96779424
7a786e66-af1c-11ea-8dfb-4865ee11b869,0.9573053,0.9573053
7aa8ac34-af1c-11ea-b80b-4865ee11b869,0.09763484,0.09763484
7a8204c8-af1c-11ea-be08-4865ee11b869,0.11580156,0.11580156
7a95a666-af1c-11ea-af8e-4865ee11b869,0.9649588,0.9649588
7a64f3be-af1c-11ea-a453-4865ee11b869,0.96254724,0.96254724
7abbffe6-af1c-11ea-a241-4865ee11b869,0.8659828,0.8659828
7b00028a-af1c-11ea-b5cb-4865ee11b869,0.098301865,0.098301865
7b1cdd46-af1c-11ea-9a22-4865ee11b869,0.46331504,0.46331504
7c539d14-af1c-11ea-b708-4865ee11b869,0.9656381,0.9656381
7c49b8b6-af1c-11ea-b793-4865ee11b869,0.96380025,0.96380025
7c6717be-af1c-11ea-a7ea-4865ee11b869,0.29764184,0.29764184
7c7a447e-af1c-11ea-b47d-4865ee11b869,0.820479,0.820479
7c8428ca-af1c-11ea-a3ea-4865ee11b869,0.31997654,0.31997654
7c70ae14-af1c-11ea-accb-4865ee11b869,0.9667531,0.9667531
7c8dbf28-af1c-11ea-980b-4865ee11b869,0.61666065,0.61666065
7cc7e264-af1c-11ea-bc30-4865ee11b869,0.10095357,0.10095357
7caabd34-af1c-11ea-b430-4865ee11b869,0.30130213,0.30130213
7cb47a88-af1c-11ea-8d5c-4865ee11b869,0.9684032,0.9684032
7cd19fac-af1c-11ea-a86f-4865ee11b869,0.5277606,0.5277606
7cdb3452-af1c-11ea-9cbe-4865ee11b869,0.9660481,0.9660481
7d819ef8-af1c-11ea-a6de-4865ee11b869,0.15495346,0.15495346
7d8b5c4c-af1c-11ea-a29b-4865ee11b869,0.10119391,0.10119391
7d5a82a6-af1c-11ea-ac31-4865ee11b869,0.11196383,0.11196383
7d46e10c-af1c-11ea-b06a-4865ee11b869,0.96458393,0.96458393
7d6dfd58-af1c-11ea-9bc2-4865ee11b869,0.964176,0.964176
7d77baae-af1c-11ea-aa50-4865ee11b869,0.9662392,0.9662392
7dbc0ef8-af1c-11ea-91e5-4865ee11b869,0.19578135,0.19578135
7dd96dec-af1c-11ea-a80e-4865ee11b869,0.71121514,0.71121514
7da8944c-af1c-11ea-bc7e-4865ee11b869,0.18989415,0.18989415
7decc280-af1c-11ea-a8cf-4865ee11b869,0.9672157,0.9672157
7ffe2cf6-af1c-11ea-b84a-4865ee11b869,0.77073187,0.77073187
8007ea4a-af1c-11ea-9184-4865ee11b869,0.96507466,0.96507466
801ab8f4-af1c-11ea-be09-4865ee11b869,0.36829737,0.36829737
80249d3e-af1c-11ea-bcdd-4865ee11b869,0.96559536,0.96559536
80a11c02-af1c-11ea-ad17-4865ee11b869,0.9645057,0.9645057
80b4e4a8-af1c-11ea-b573-4865ee11b869,0.95948744,0.95948744
813b3382-af1c-11ea-9299-4865ee11b869,0.9654121,0.9654121
8a980e8c-af1c-11ea-87ef-4865ee11b869,0.17139395,0.17139395
8ab6095a-af1c-11ea-883f-4865ee11b869,0.96580476,0.96580476
8aa219de-af1c-11ea-acaf-4865ee11b869,0.83873284,0.83873284
8ac062c8-af1c-11ea-a4a9-4865ee11b869,0.9012415,0.9012415
8b2eb788-af1c-11ea-927c-4865ee11b869,0.10076197,0.10076197
8b389bd2-af1c-11ea-a2e0-4865ee11b869,0.10787653,0.10787653
8b4c6462-af1c-11ea-a9c3-4865ee11b869,0.94703406,0.94703406
8b6b96cc-af1c-11ea-aabb-4865ee11b869,0.10231874,0.10231874
8b75dd06-af1c-11ea-bb1f-4865ee11b869,0.81646425,0.81646425
8b953692-af1c-11ea-a1c0-4865ee11b869,0.9680181,0.9680181
8b9f1ae8-af1c-11ea-9046-4865ee11b869,0.96376544,0.96376544
8ba9261c-af1c-11ea-8c41-4865ee11b869,0.9653272,0.9653272
8bb2e374-af1c-11ea-ba99-4865ee11b869,0.95217174,0.95217174
8bbca0be-af1c-11ea-b2fd-4865ee11b869,0.96468437,0.96468437
8bd02f36-af1c-11ea-a538-4865ee11b869,0.9663393,0.9663393
8c6c3f54-af1c-11ea-b4ad-4865ee11b869,0.108603165,0.108603165
8c75fc92-af1c-11ea-a04c-4865ee11b869,0.9664346,0.9664346
8c7fb9fe-af1c-11ea-8d6f-4865ee11b869,0.9593316,0.9593316
8c89c53e-af1c-11ea-ab42-4865ee11b869,0.94954276,0.94954276
8c93827a-af1c-11ea-9c58-4865ee11b869,0.9628425,0.9628425
8d029a14-af1c-11ea-8ece-4865ee11b869,0.4817962,0.4817962
8d16d79c-af1c-11ea-82bc-4865ee11b869,0.9650896,0.9650896
8d2adb1c-af1c-11ea-8e1a-4865ee11b869,0.5758963,0.5758963
9072b0dc-af1c-11ea-9baa-4865ee11b869,0.7543958,0.7543958
908f9ae4-af1c-11ea-b416-4865ee11b869,0.09602628,0.09602628
9099a62e-af1c-11ea-8e93-4865ee11b869,0.10044862,0.10044862
90a38a68-af1c-11ea-88a1-4865ee11b869,0.098522864,0.098522864
90b72c1a-af1c-11ea-b88e-4865ee11b869,0.96174306,0.96174306
90ad6eae-af1c-11ea-bbd8-4865ee11b869,0.9676676,0.9676676
90c15e3a-af1c-11ea-ba28-4865ee11b869,0.10935852,0.10935852
90cb698a-af1c-11ea-b046-4865ee11b869,0.47896105,0.47896105
90d5c2ba-af1c-11ea-9157-4865ee11b869,0.966684,0.966684
90dff4e2-af1c-11ea-92c8-4865ee11b869,0.95159274,0.95159274
90e9b240-af1c-11ea-a28a-4865ee11b869,0.96765596,0.96765596
90f3bd68-af1c-11ea-9ad5-4865ee11b869,0.9649821,0.9649821
91118ce2-af1c-11ea-b543-4865ee11b869,0.30017307,0.30017307
910781a2-af1c-11ea-9f5c-4865ee11b869,0.9697078,0.9697078
911b7164-af1c-11ea-a08e-4865ee11b869,0.13811769,0.13811769
91399350-af1c-11ea-b31f-4865ee11b869,0.10187987,0.10187987
9143ec70-af1c-11ea-a19c-4865ee11b869,0.37687322,0.37687322
914df7ae-af1c-11ea-83a6-4865ee11b869,0.96880066,0.96880066
915802f4-af1c-11ea-b588-4865ee11b869,0.96710753,0.96710753
91620e42-af1c-11ea-9432-4865ee11b869,0.11278805,0.11278805
917561f8-af1c-11ea-9336-4865ee11b869,0.97105694,0.97105694
917f4628-af1c-11ea-8505-4865ee11b869,0.09623421,0.09623421
91895166-af1c-11ea-ae60-4865ee11b869,0.96764207,0.96764207
9193d19e-af1c-11ea-be4d-4865ee11b869,0.14046435,0.14046435
92259192-af1c-11ea-84b1-4865ee11b869,0.9682403,0.9682403
922f9cd2-af1c-11ea-baba-4865ee11b869,0.10403203,0.10403203
9239bbec-af1c-11ea-9160-4865ee11b869,0.098059215,0.098059215
924e9578-af1c-11ea-81c8-4865ee11b869,0.9664036,0.9664036
92443c12-af1c-11ea-9109-4865ee11b869,0.17642488,0.17642488
925879de-af1c-11ea-ace2-4865ee11b869,0.10509366,0.10509366
9262f9ee-af1c-11ea-b71e-4865ee11b869,0.9685679,0.9685679
926da242-af1c-11ea-bcf1-4865ee11b869,0.96690065,0.96690065
9277d330-af1c-11ea-85ae-4865ee11b869,0.95671976,0.95671976
9281de76-af1c-11ea-ae79-4865ee11b869,0.08807362,0.08807362
928be9b0-af1c-11ea-8d53-4865ee11b869,0.10421124,0.10421124
92ac05f8-af1c-11ea-b099-4865ee11b869,0.133809,0.133809
92a1d3c0-af1c-11ea-974c-4865ee11b869,0.60860586,0.60860586
92c09154-af1c-11ea-acb3-4865ee11b869,0.9658281,0.9658281
92d4cec0-af1c-11ea-a6ec-4865ee11b869,0.5092875,0.5092875
92deb31c-af1c-11ea-a590-4865ee11b869,0.9695797,0.9695797
9305cf4c-af1c-11ea-882c-4865ee11b869,0.9680103,0.9680103
930f8ca2-af1c-11ea-8325-4865ee11b869,0.9623944,0.9623944
93194a00-af1c-11ea-a1a6-4865ee11b869,0.24221219,0.24221219
93230762-af1c-11ea-a1a4-4865ee11b869,0.10446918,0.10446918
932cebac-af1c-11ea-889d-4865ee11b869,0.13624278,0.13624278
87c150fe-af1c-11ea-8e7b-4865ee11b869,0.11255398,0.11255398
96f01ae4-af1c-11ea-9ab0-4865ee11b869,0.9376698,0.9376698
976548ca-af1c-11ea-aa19-4865ee11b869,0.9413136,0.9413136
9795ad90-af1c-11ea-9900-4865ee11b869,0.9614344,0.9614344
979f6aee-af1c-11ea-b243-4865ee11b869,0.9625349,0.9625349
985ef53e-af1c-11ea-8375-4865ee11b869,0.8256243,0.8256243
69c0dc36-af1c-11ea-8481-4865ee11b869,0.08930705,0.08930705
69c8511c-af1c-11ea-b00e-4865ee11b869,0.7510189,0.7510189
6a4334e4-af1c-11ea-8ee3-4865ee11b869,0.10039447,0.10039447
6a4ad0cc-af1c-11ea-8b5a-4865ee11b869,0.097880475,0.097880475
6a52ce70-af1c-11ea-ab49-4865ee11b869,0.92494935,0.92494935
6a59ce80-af1c-11ea-865a-4865ee11b869,0.9653212,0.9653212
6a613058-af1c-11ea-9585-4865ee11b869,0.10420536,0.10420536
6a7e8f5c-af1c-11ea-896a-4865ee11b869,0.9683502,0.9683502
6a860454-af1c-11ea-88f6-4865ee11b869,0.19954267,0.19954267
6a8d7948-af1c-11ea-8152-4865ee11b869,0.93446034,0.93446034
6a94ee3a-af1c-11ea-a9ae-4865ee11b869,0.96474075,0.96474075
6a9c6334-af1c-11ea-bd75-4865ee11b869,0.96598315,0.96598315
6abca65e-af1c-11ea-9f7a-4865ee11b869,0.9650738,0.9650738
6acceee6-af1c-11ea-b7a7-4865ee11b869,0.9637387,0.9637387
6adc9b8c-af1c-11ea-980e-4865ee11b869,0.9467286,0.9467286
6b7dd43e-af1c-11ea-9235-4865ee11b869,0.0977671,0.0977671
6b6f5f34-af1c-11ea-a6a7-4865ee11b869,0.18546723,0.18546723
6b859726-af1c-11ea-b866-4865ee11b869,0.9693288,0.9693288
6b984efa-af1c-11ea-a18a-4865ee11b869,0.9387453,0.9387453
6bbd49e2-af1c-11ea-9b42-4865ee11b869,0.9643429,0.9643429
6bcd9268-af1c-11ea-9fe0-4865ee11b869,0.100639015,0.100639015
6bd7c49c-af1c-11ea-98f4-4865ee11b869,0.10979196,0.10979196
6bdeff76-af1c-11ea-89f2-4865ee11b869,0.9655495,0.9655495
6d65074c-af1c-11ea-85f0-4865ee11b869,0.96724373,0.96724373
6d6e4f40-af1c-11ea-a130-4865ee11b869,0.96739197,0.96739197
6d77e598-af1c-11ea-8713-4865ee11b869,0.2828475,0.2828475
6d9ce076-af1c-11ea-9b32-4865ee11b869,0.109196655,0.109196655
6da5dafa-af1c-11ea-86ab-4865ee11b869,0.9628616,0.9628616
6db8e0c8-af1c-11ea-bfbd-4865ee11b869,0.6124901,0.6124901
6dccf752-af1c-11ea-a9a0-4865ee11b869,0.96552527,0.96552527
6dd78222-af1c-11ea-95a5-4865ee11b869,0.96439916,0.96439916
6df99998-af1c-11ea-81a4-4865ee11b869,0.14472154,0.14472154
6e19b5cc-af1c-11ea-af39-4865ee11b869,0.9660203,0.9660203
6e296286-af1c-11ea-b30e-4865ee11b869,0.9643156,0.9643156
6e389a52-af1c-11ea-bb15-4865ee11b869,0.96795326,0.96795326
6e48470a-af1c-11ea-90e9-4865ee11b869,0.08773726,0.08773726
6e400f4a-af1c-11ea-b721-4865ee11b869,0.49711785,0.49711785
6e59c734-af1c-11ea-8ba0-4865ee11b869,0.09896963,0.09896963
6e60c750-af1c-11ea-a823-4865ee11b869,0.20656152,0.20656152
6e67ee5c-af1c-11ea-9f28-4865ee11b869,0.96521455,0.96521455
6e6f156c-af1c-11ea-9a9f-4865ee11b869,0.9691535,0.9691535
6e766354-af1c-11ea-b953-4865ee11b869,0.10243366,0.10243366
6e7db164-af1c-11ea-be04-4865ee11b869,0.09751581,0.09751581
6e8f31a4-af1c-11ea-b8b7-4865ee11b869,0.28605932,0.28605932
6e976958-af1c-11ea-ba5c-4865ee11b869,0.97004855,0.97004855
6e9fc812-af1c-11ea-bebc-4865ee11b869,0.91868097,0.91868097
6ea6ef1a-af1c-11ea-93d2-4865ee11b869,0.9654184,0.9654184
6f479728-af1c-11ea-b313-4865ee11b869,0.96508163,0.96508163
6f4f3314-af1c-11ea-8bbc-4865ee11b869,0.7802563,0.7802563
6f6df0a2-af1c-11ea-86a5-4865ee11b869,0.09942111,0.09942111
6f769d4a-af1c-11ea-a720-4865ee11b869,0.10910708,0.10910708
6f86e5cc-af1c-11ea-9a7f-4865ee11b869,0.9599866,0.9599866
6f8ea8b6-af1c-11ea-96ef-4865ee11b869,0.09006415,0.09006415
6f96cd54-af1c-11ea-8beb-4865ee11b869,0.9645313,0.9645313
6fbd13d8-af1c-11ea-bac5-4865ee11b869,0.2156347,0.2156347
6fcce9c2-af1c-11ea-80f3-4865ee11b869,0.9662471,0.9662471
6fe4597a-af1c-11ea-afa5-4865ee11b869,0.9646121,0.9646121
6feda1fa-af1c-11ea-81c3-4865ee11b869,0.9655562,0.9655562
6ff72550-af1c-11ea-8811-4865ee11b869,0.10582552,0.10582552
708277fe-af1c-11ea-a5bf-4865ee11b869,0.09869609,0.09869609
707b0330-af1c-11ea-b7ed-4865ee11b869,0.1459493,0.1459493
70a072ee-af1c-11ea-a05e-4865ee11b869,0.96488184,0.96488184
70af3602-af1c-11ea-b2b2-4865ee11b869,0.96885365,0.96885365
70dba436-af1c-11ea-9530-4865ee11b869,0.19218291,0.19218291
70e3671c-af1c-11ea-9a2b-4865ee11b869,0.11614224,0.11614224
710127e2-af1c-11ea-9a9b-4865ee11b869,0.9699309,0.9699309
710a2268-af1c-11ea-aaa9-4865ee11b869,0.09219785,0.09219785
71125a26-af1c-11ea-99c0-4865ee11b869,0.94194293,0.94194293
711a1dc8-af1c-11ea-ab44-4865ee11b869,0.10256851,0.10256851
761a4e74-af1c-11ea-a17b-4865ee11b869,0.19315031,0.19315031
7612b28a-af1c-11ea-bd8d-4865ee11b869,0.95643395,0.95643395
765976a2-af1c-11ea-a0f1-4865ee11b869,0.96621543,0.96621543
7660ffc0-af1c-11ea-992b-4865ee11b869,0.9670311,0.9670311
77b39ed8-af1c-11ea-aafb-4865ee11b869,0.9325321,0.9325321
7847b262-af1c-11ea-9135-4865ee11b869,0.1069119,0.1069119
79243c7a-af1c-11ea-b801-4865ee11b869,0.96694136,0.96694136
811e3558-af1c-11ea-a19f-4865ee11b869,0.96978074,0.96978074
8127f314-af1c-11ea-ae52-4865ee11b869,0.9668482,0.9668482
8144f0e6-af1c-11ea-9a8e-4865ee11b869,0.10761241,0.10761241
81586b90-af1c-11ea-b047-4865ee11b869,0.09491236,0.09491236
81624fdc-af1c-11ea-b335-4865ee11b869,0.10642761,0.10642761
814eae42-af1c-11ea-b5fb-4865ee11b869,0.96718246,0.96718246
817ffcba-af1c-11ea-b5da-4865ee11b869,0.10567894,0.10567894
81937766-af1c-11ea-ac73-4865ee11b869,0.8352074,0.8352074
81b0af64-af1c-11ea-b20b-4865ee11b869,0.31304866,0.31304866
81ba6cb8-af1c-11ea-bf10-4865ee11b869,0.9011204,0.9011204
81ce0e5e-af1c-11ea-8809-4865ee11b869,0.9439393,0.9439393
821c61be-af1c-11ea-999f-4865ee11b869,0.10223182,0.10223182
8226e1d8-af1c-11ea-83ac-4865ee11b869,0.9698535,0.9698535
823a5c98-af1c-11ea-9fa1-4865ee11b869,0.8674778,0.8674778
824e7314-af1c-11ea-856c-4865ee11b869,0.9670415,0.9670415
8258575c-af1c-11ea-a25b-4865ee11b869,0.8717976,0.8717976
8262628a-af1c-11ea-b546-4865ee11b869,0.9665807,0.9665807
82b0133a-af1c-11ea-b3d4-4865ee11b869,0.9659195,0.9659195
82b9d0d8-af1c-11ea-acae-4865ee11b869,0.547709,0.547709
82e1144a-af1c-11ea-a9bd-4865ee11b869,0.7460246,0.7460246
82cd72a8-af1c-11ea-9611-4865ee11b869,0.109039955,0.109039955
8739cbc8-af1c-11ea-a7b3-4865ee11b869,0.5119145,0.5119145
8743d6f6-af1c-11ea-bec5-4865ee11b869,0.9554447,0.9554447
872fc088-af1c-11ea-92c9-4865ee11b869,0.9610858,0.9610858
874d945c-af1c-11ea-94de-4865ee11b869,0.96644825,0.96644825
87f1dca8-af1c-11ea-9f48-4865ee11b869,0.101163216,0.101163216
87fb99fa-af1c-11ea-b75f-4865ee11b869,0.96991706,0.96991706
883f3f7a-af1c-11ea-8948-4865ee11b869,0.9670137,0.9670137
88660e42-af1c-11ea-a176-4865ee11b869,0.14819634,0.14819634
886ff27e-af1c-11ea-931c-4865ee11b869,0.91365695,0.91365695
88bda424-af1c-11ea-9b3d-4865ee11b869,0.9683887,0.9683887
88c78876-af1c-11ea-ac1d-4865ee11b869,0.7292687,0.7292687
88f8d6f6-af1c-11ea-888e-4865ee11b869,0.09131731,0.09131731
88eef2b4-af1c-11ea-9714-4865ee11b869,0.21747227,0.21747227
8902e230-af1c-11ea-9f53-4865ee11b869,0.10095222,0.10095222
890cc67a-af1c-11ea-a064-4865ee11b869,0.9668617,0.9668617
89171f9e-af1c-11ea-8ad1-4865ee11b869,0.9653443,0.9653443
892103e8-af1c-11ea-b3c4-4865ee11b869,0.092874154,0.092874154
89354168-af1c-11ea-9dbc-4865ee11b869,0.9652503,0.9652503
895c5da6-af1c-11ea-baab-4865ee11b869,0.9660754,0.9660754
8966b6dc-af1c-11ea-b3b0-4865ee11b869,0.1732849,0.1732849
89710ffe-af1c-11ea-92e2-4865ee11b869,0.11998497,0.11998497
8c44fc00-af1c-11ea-806c-4865ee11b869,0.968688,0.968688
8c589db4-af1c-11ea-843b-4865ee11b869,0.09359149,0.09359149
8c625b06-af1c-11ea-8535-4865ee11b869,0.96676755,0.96676755
8cf88ee8-af1c-11ea-b468-4865ee11b869,0.86356246,0.86356246
8d0ccc50-af1c-11ea-959d-4865ee11b869,0.09372077,0.09372077
8d20e2c8-af1c-11ea-8878-4865ee11b869,0.9697759,0.9697759
8d3e7ca4-af1c-11ea-b351-4865ee11b869,0.96729755,0.96729755
8d48613e-af1c-11ea-a5ae-4865ee11b869,0.96649265,0.96649265
8d524588-af1c-11ea-9aad-4865ee11b869,0.48133558,0.48133558
8d5c50b6-af1c-11ea-b7fc-4865ee11b869,0.0993015,0.0993015
8d703126-af1c-11ea-bff1-4865ee11b869,0.87548107,0.87548107
8d664cde-af1c-11ea-b546-4865ee11b869,0.8641646,0.8641646
8d7a1b42-af1c-11ea-8e6c-4865ee11b869,0.9663198,0.9663198
8d842686-af1c-11ea-82b0-4865ee11b869,0.11007366,0.11007366
8dac7a80-af1c-11ea-84d0-4865ee11b869,0.9681631,0.9681631
8dddc900-af1c-11ea-97f7-4865ee11b869,0.09432332,0.09432332
8dca2750-af1c-11ea-afe7-4865ee11b869,0.9650544,0.9650544
8df20680-af1c-11ea-87bf-4865ee11b869,0.09883853,0.09883853
8de7fb2c-af1c-11ea-b33f-4865ee11b869,0.5378656,0.5378656
8dfbeaca-af1c-11ea-8866-4865ee11b869,0.965543,0.965543
8e05a822-af1c-11ea-a064-4865ee11b869,0.09794582,0.09794582
940b7794-af1c-11ea-aa35-4865ee11b869,0.8530859,0.8530859
93f7fce6-af1c-11ea-85b6-4865ee11b869,0.69371575,0.69371575
94c5d28c-af1c-11ea-8427-4865ee11b869,0.8920896,0.8920896
94cfb6d8-af1c-11ea-ad7d-4865ee11b869,0.9651694,0.9651694
98085e66-af1c-11ea-b986-4865ee11b869,0.96577924,0.96577924
e13fe5e7-3d5f-4777-b21f-3a30e488e42b,0.2129969,0.2129969
9868d97a-af1c-11ea-86f4-4865ee11b869,0.88344055,0.88344055
9bb6ffe2-af1c-11ea-a22c-4865ee11b869,0.17980184,0.17980184
9bde6a08-af1c-11ea-8f9d-4865ee11b869,0.9651567,0.9651567
9bc0e42e-af1c-11ea-8fc2-4865ee11b869,0.14987947,0.14987947
9c548e1a-af1c-11ea-9ac8-4865ee11b869,0.10334519,0.10334519
9c5e862e-af1c-11ea-8575-4865ee11b869,0.8311791,0.8311791
9c71c6de-af1c-11ea-bd02-4865ee11b869,0.965339,0.965339
9c852e76-af1c-11ea-8716-4865ee11b869,0.6756703,0.6756703
9c8f12c0-af1c-11ea-8b89-4865ee11b869,0.96532893,0.96532893
9c991dfe-af1c-11ea-81c3-4865ee11b869,0.16904077,0.16904077
9ca30262-af1c-11ea-ba0d-4865ee11b869,0.26008248,0.26008248
9cc01366-af1c-11ea-8721-4865ee11b869,0.9664242,0.9664242
9cddc048-af1c-11ea-b5ee-4865ee11b869,0.9652964,0.9652964
9ce7cb86-af1c-11ea-bc51-4865ee11b869,0.9610025,0.9610025
9cf1afc0-af1c-11ea-b3c5-4865ee11b869,0.204493,0.204493
9d426da8-af1c-11ea-b081-4865ee11b869,0.10196172,0.10196172
9d4c78f4-af1c-11ea-a4b2-4865ee11b869,0.9655337,0.9655337
9d56beda-af1c-11ea-9df8-4865ee11b869,0.9650014,0.9650014
699ccb1a-af1c-11ea-9e0b-4865ee11b869,0.96781826,0.96781826
69a6886e-af1c-11ea-914a-4865ee11b869,0.9635725,0.9635725
69af82f4-af1c-11ea-a805-4865ee11b869,0.08717416,0.08717416
69b8f252-af1c-11ea-95df-4865ee11b869,0.09469174,0.09469174
69fb1234-af1c-11ea-9a7d-4865ee11b869,0.24040733,0.24040733
6a03bed4-af1c-11ea-ac0f-4865ee11b869,0.1099593,0.1099593
6fa6190c-af1c-11ea-8226-4865ee11b869,0.8200585,0.8200585
6fb550f8-af1c-11ea-8a6d-4865ee11b869,0.9670913,0.9670913
70188cfe-af1c-11ea-83e8-4865ee11b869,0.102354646,0.102354646
70200200-af1c-11ea-b8ef-4865ee11b869,0.20876257,0.20876257
704e9330-af1c-11ea-ae20-4865ee11b869,0.9660778,0.9660778
7055e128-af1c-11ea-b0c6-4865ee11b869,0.7508014,0.7508014
70738e12-af1c-11ea-afb9-4865ee11b869,0.106298074,0.106298074
70a81622-af1c-11ea-bdcb-4865ee11b869,0.113439806,0.113439806
70c5200c-af1c-11ea-b5a7-4865ee11b869,0.14154455,0.14154455
70d3f47e-af1c-11ea-8cc1-4865ee11b869,0.8512254,0.8512254
7131da7e-af1c-11ea-915a-4865ee11b869,0.7826734,0.7826734
71392888-af1c-11ea-9dcb-4865ee11b869,0.9206987,0.9206987
71407686-af1c-11ea-a14b-4865ee11b869,0.9663577,0.9663577
71507122-af1c-11ea-81e2-4865ee11b869,0.9659952,0.9659952
71615590-af1c-11ea-9f49-4865ee11b869,0.970408,0.970408
71698d48-af1c-11ea-8066-4865ee11b869,0.9711021,0.9711021
71842f2e-af1c-11ea-9c3d-4865ee11b869,0.9636063,0.9636063
718d9e86-af1c-11ea-bc9c-4865ee11b869,0.14227268,0.14227268
71a5b752-af1c-11ea-88d0-4865ee11b869,0.9633918,0.9633918
71ae1608-af1c-11ea-8d82-4865ee11b869,0.9663047,0.9663047
725d8a94-af1c-11ea-9da7-4865ee11b869,0.96591485,0.96591485
7264ff7a-af1c-11ea-b4e9-4865ee11b869,0.9628409,0.9628409
729edbb6-af1c-11ea-b292-4865ee11b869,0.10040938,0.10040938
72a6779e-af1c-11ea-9d69-4865ee11b869,0.86165196,0.86165196
72ae8868-af1c-11ea-a2d5-4865ee11b869,0.966464,0.966464
72b6245a-af1c-11ea-80ca-4865ee11b869,0.09951892,0.09951892
729718d4-af1c-11ea-a17f-4865ee11b869,0.96481496,0.96481496
72bdc03e-af1c-11ea-9343-4865ee11b869,0.9662803,0.9662803
72c86752-af1c-11ea-9863-4865ee11b869,0.96683556,0.96683556
72cf8e5e-af1c-11ea-a756-4865ee11b869,0.09725224,0.09725224
72de0368-af1c-11ea-bf05-4865ee11b869,0.9675544,0.9675544
72e5785e-af1c-11ea-b0bf-4865ee11b869,0.9576497,0.9576497
72f4145c-af1c-11ea-8a13-4865ee11b869,0.9655072,0.9655072
730b5cf0-af1c-11ea-9161-4865ee11b869,0.09718282,0.09718282
7303254c-af1c-11ea-830d-4865ee11b869,0.7783699,0.7783699
731e3c68-af1c-11ea-b24a-4865ee11b869,0.96151596,0.96151596
73151a8c-af1c-11ea-9dad-4865ee11b869,0.16148049,0.16148049
7335a4f4-af1c-11ea-bbbd-4865ee11b869,0.10725549,0.10725549
734d5248-af1c-11ea-b9dc-4865ee11b869,0.13251035,0.13251035
73451a68-af1c-11ea-b642-4865ee11b869,0.8011035,0.8011035
736d962c-af1c-11ea-91cf-4865ee11b869,0.10481726,0.10481726
790b05ae-af1c-11ea-b198-4865ee11b869,0.966716,0.966716
795dbf36-af1c-11ea-86f1-4865ee11b869,0.96797025,0.96797025
79a066f6-af1c-11ea-a95e-4865ee11b869,0.9653429,0.9653429
79bd9ef8-af1c-11ea-8cdd-4865ee11b869,0.9692158,0.9692158
7e39ff00-af1c-11ea-9b02-4865ee11b869,0.9661342,0.9661342
7e5fb6f8-af1c-11ea-8fe5-4865ee11b869,0.93733436,0.93733436
90d1c9d2-af1f-11ea-8898-4865ee11b869,0.8680904,0.8680904
84d6d3a8-af1c-11ea-a99c-4865ee11b869,0.9087029,0.9087029
93e5b882-af1f-11ea-b3c6-4865ee11b869,0.8205786,0.8205786
84e0a4f0-af1c-11ea-b975-4865ee11b869,0.9438373,0.9438373
8519ca42-af1c-11ea-95a1-4865ee11b869,0.11272318,0.11272318
8506768c-af1c-11ea-9f94-4865ee11b869,0.9662365,0.9662365
85100ce4-af1c-11ea-808e-4865ee11b869,0.9469256,0.9469256
852d44ec-af1c-11ea-b0eb-4865ee11b869,0.8712782,0.8712782
8523ae8c-af1c-11ea-9716-4865ee11b869,0.93512243,0.93512243
8540e68c-af1c-11ea-8075-4865ee11b869,0.8950562,0.8950562
85370238-af1c-11ea-bfe0-4865ee11b869,0.6773183,0.6773183
854a7ce4-af1c-11ea-9a5f-4865ee11b869,0.39321083,0.39321083
85543a40-af1c-11ea-897b-4865ee11b869,0.9536705,0.9536705
855df798-af1c-11ea-bd22-4865ee11b869,0.7146126,0.7146126
8567dbd2-af1c-11ea-85df-4865ee11b869,0.42106497,0.42106497
8598df46-af1c-11ea-a47a-4865ee11b869,0.6752765,0.6752765
85a2c388-af1c-11ea-a652-4865ee11b869,0.13070013,0.13070013
85b68c14-af1c-11ea-8d7f-4865ee11b869,0.36809224,0.36809224
85c9b926-af1c-11ea-831b-4865ee11b869,0.9134874,0.9134874
85d34f88-af1c-11ea-8b2f-4865ee11b869,0.15201482,0.15201482
85dd0cdc-af1c-11ea-b162-4865ee11b869,0.3789488,0.3789488
85f08786-af1c-11ea-a8e7-4865ee11b869,0.87582743,0.87582743
85fa44de-af1c-11ea-8e2c-4865ee11b869,0.9666324,0.9666324
8603db3a-af1c-11ea-bc51-4865ee11b869,0.9023196,0.9023196
860dbf86-af1c-11ea-b377-4865ee11b869,0.8497724,0.8497724
8af35dc0-af1c-11ea-826e-4865ee11b869,0.30635476,0.30635476
8b110aac-af1c-11ea-8623-4865ee11b869,0.8621655,0.8621655
8b1b15dc-af1c-11ea-88d9-4865ee11b869,0.8788898,0.8788898
8b24d33a-af1c-11ea-a7a8-4865ee11b869,0.44916713,0.44916713
8b428018-af1c-11ea-90c6-4865ee11b869,0.96780777,0.96780777
8b566fa4-af1c-11ea-bb81-4865ee11b869,0.74476683,0.74476683
8b8b0434-af1c-11ea-bc0a-4865ee11b869,0.8277451,0.8277451
8bd9ec8a-af1c-11ea-bdd9-4865ee11b869,0.13597743,0.13597743
8bc64aee-af1c-11ea-af7c-4865ee11b869,0.931564,0.931564
8be396ac-af1c-11ea-a8ed-4865ee11b869,0.26662862,0.26662862
8bed7afa-af1c-11ea-b9ae-4865ee11b869,0.8316333,0.8316333
8bf7384c-af1c-11ea-a1c3-4865ee11b869,0.96024626,0.96024626
977951d4-af1f-11ea-a682-4865ee11b869,0.30455887,0.30455887
8c14704c-af1c-11ea-be11-4865ee11b869,0.14159752,0.14159752
8c0ab2fa-af1c-11ea-b647-4865ee11b869,0.26902005,0.26902005
8c31815a-af1c-11ea-8907-4865ee11b869,0.12724476,0.12724476
8c3b3ea8-af1c-11ea-95cd-4865ee11b869,0.93409157,0.93409157
8c4ee04c-af1c-11ea-962d-4865ee11b869,0.7992562,0.7992562
8c9d3fd4-af1c-11ea-9096-4865ee11b869,0.9517747,0.9517747
8cc4831e-af1c-11ea-b9dc-4865ee11b869,0.6853794,0.6853794
8ce49f5c-af1c-11ea-b61c-4865ee11b869,0.15221085,0.15221085
8d34bf5c-af1c-11ea-878f-4865ee11b869,0.9667292,0.9667292
8e863fe6-af1c-11ea-bfcc-4865ee11b869,0.9544673,0.9544673
8e9a086e-af1c-11ea-95ca-4865ee11b869,0.8973408,0.8973408
8e902418-af1c-11ea-ae43-4865ee11b869,0.8914745,0.8914745
8edf6d76-af1c-11ea-8324-4865ee11b869,0.94884515,0.94884515
8efc578a-af1c-11ea-b269-4865ee11b869,0.9668876,0.9668876
8f239aca-af1c-11ea-b212-4865ee11b869,0.9453985,0.9453985
8f41957e-af1c-11ea-ac49-4865ee11b869,0.72477823,0.72477823
8ed5b024-af1c-11ea-bef2-4865ee11b869,0.27698082,0.27698082
8f6a3774-af1c-11ea-be1c-4865ee11b869,0.31971827,0.31971827
8f7442a4-af1c-11ea-bd7b-4865ee11b869,0.42755,0.42755
8f9105cc-af1c-11ea-85db-4865ee11b869,0.77935123,0.77935123
8fb87008-af1c-11ea-b967-4865ee11b869,0.22952905,0.22952905
9a07c3b8-af1f-11ea-98b7-4865ee11b869,0.5159143,0.5159143
8ffd30ca-af1c-11ea-8436-4865ee11b869,0.89331126,0.89331126
9010e9c8-af1c-11ea-bdc5-4865ee11b869,0.8736354,0.8736354
90071b26-af1c-11ea-9fd5-4865ee11b869,0.44684312,0.44684312
90249f24-af1c-11ea-a790-4865ee11b869,0.1425792,0.1425792
901aa708-af1c-11ea-bd37-4865ee11b869,0.4475792,0.4475792
902eaa7a-af1c-11ea-a590-4865ee11b869,0.97178644,0.97178644
9038b5ac-af1c-11ea-b021-4865ee11b869,0.9544854,0.9544854
9056149c-af1c-11ea-9523-4865ee11b869,0.18915346,0.18915346
904c574a-af1c-11ea-8c6a-4865ee11b869,0.21197301,0.21197301
94ec2c1c-af1c-11ea-bbe1-4865ee11b869,0.7420589,0.7420589
95001b92-af1c-11ea-af38-4865ee11b869,0.86346126,0.86346126
97bca2ec-af1c-11ea-bf8b-4865ee11b869,0.93988127,0.93988127
97c65046-af1c-11ea-bf91-4865ee11b869,0.58245385,0.58245385
982ebd14-af1c-11ea-a60e-4865ee11b869,0.89659387,0.89659387
9cc9f7b0-af1c-11ea-be2f-4865ee11b869,0.95784014,0.95784014
9cd3dbfa-af1c-11ea-af9a-4865ee11b869,0.9658942,0.9658942
9d101f76-af1c-11ea-93c0-4865ee11b869,0.09759987,0.09759987
9d05ed34-af1c-11ea-a29b-4865ee11b869,0.61692774,0.61692774
9d1a1a2c-af1c-11ea-a88f-4865ee11b869,0.86459154,0.86459154
9d2e5722-af1c-11ea-96a9-4865ee11b869,0.9101395,0.9101395
9d242500-af1c-11ea-b90f-4865ee11b869,0.96419317,0.96419317
9d386264-af1c-11ea-94a2-4865ee11b869,0.30630922,0.30630922
9d629d98-af1c-11ea-8730-4865ee11b869,0.5677748,0.5677748
9d6c5b00-af1c-11ea-95dd-4865ee11b869,0.9688328,0.9688328
69941e76-af1c-11ea-8d91-4865ee11b869,0.7821823,0.7821823
69ea19e6-af1c-11ea-8896-4865ee11b869,0.946574,0.946574
69e2570c-af1c-11ea-ba84-4865ee11b869,0.96282846,0.96282846
69f26592-af1c-11ea-86d3-4865ee11b869,0.93245035,0.93245035
69d9aa7a-af1c-11ea-830c-4865ee11b869,0.9702825,0.9702825
6a0c6b68-af1c-11ea-9a8b-4865ee11b869,0.6583394,0.6583394
6a1fbf2e-af1c-11ea-b6a5-4865ee11b869,0.5071774,0.5071774
6a292e94-af1c-11ea-976d-4865ee11b869,0.3520745,0.3520745
6a325066-af1c-11ea-9b35-4865ee11b869,0.123394616,0.123394616
6a3aaf10-af1c-11ea-b577-4865ee11b869,0.6670423,0.6670423
6a687e68-af1c-11ea-ae75-4865ee11b869,0.95406914,0.95406914
6a6ff35c-af1c-11ea-b3f1-4865ee11b869,0.9206083,0.9206083
6cb9ea9e-af1c-11ea-aa27-4865ee11b869,0.9652064,0.9652064
6cc8869e-af1c-11ea-a2a7-4865ee11b869,0.9463311,0.9463311
6ccffb90-af1c-11ea-8a83-4865ee11b869,0.57638067,0.57638067
6cfb4142-af1c-11ea-8b61-4865ee11b869,0.24034473,0.24034473
6d0a2b4a-af1c-11ea-ab10-4865ee11b869,0.7192923,0.7192923
6d02b664-af1c-11ea-b58b-4865ee11b869,0.5097525,0.5097525
6d1f1d26-af1c-11ea-af1b-4865ee11b869,0.36902848,0.36902848
6d2e071c-af1c-11ea-8e98-4865ee11b869,0.11467978,0.11467978
88278868-af1f-11ea-912a-4865ee11b869,0.6391622,0.6391622
6d3dea74-af1c-11ea-821c-4865ee11b869,0.83928084,0.83928084
6d35f0f0-af1c-11ea-ba44-4865ee11b869,0.3443535,0.3443535
6d481cba-af1c-11ea-9904-4865ee11b869,0.8648076,0.8648076
6d8a4f98-af1c-11ea-bf53-4865ee11b869,0.31411606,0.31411606
6d810724-af1c-11ea-8885-4865ee11b869,0.15123947,0.15123947
6d93980a-af1c-11ea-bbdb-4865ee11b869,0.96373117,0.96373117
6dc2ec18-af1c-11ea-a0b5-4865ee11b869,0.31739578,0.31739578
6daefc86-af1c-11ea-b67e-4865ee11b869,0.15665905,0.15665905
6de13f5c-af1c-11ea-a398-4865ee11b869,0.70115507,0.70115507
6df188cc-af1c-11ea-bce6-4865ee11b869,0.9596442,0.9596442
6e015c76-af1c-11ea-9708-4865ee11b869,0.9628874,0.9628874
6e101f66-af1c-11ea-ac1d-4865ee11b869,0.9118589,0.9118589
6e31734a-af1c-11ea-b19b-4865ee11b869,0.96178955,0.96178955
6ee2c648-af1c-11ea-94fd-4865ee11b869,0.32598934,0.32598934
6ed9f26e-af1c-11ea-beaf-4865ee11b869,0.9610118,0.9610118
6eead712-af1c-11ea-ac9c-4865ee11b869,0.87463105,0.87463105
6f29c354-af1c-11ea-b58b-4865ee11b869,0.90884334,0.90884334
6f31384a-af1c-11ea-bf0a-4865ee11b869,0.40590534,0.40590534
6f38ad40-af1c-11ea-b0f4-4865ee11b869,0.24119477,0.24119477
6f6606c6-af1c-11ea-940e-4865ee11b869,0.9569214,0.9569214
6f5e1cf8-af1c-11ea-8493-4865ee11b869,0.2774633,0.2774633
89502236-af1f-11ea-b59a-4865ee11b869,0.9703721,0.9703721
6f7efbfa-af1c-11ea-a582-4865ee11b869,0.64195776,0.64195776
6f9e693a-af1c-11ea-a5aa-4865ee11b869,0.19914787,0.19914787
6fc48b10-af1c-11ea-9919-4865ee11b869,0.862231,0.862231
6fdd0b58-af1c-11ea-bb29-4865ee11b869,0.10872689,0.10872689
6fd4d39c-af1c-11ea-89c7-4865ee11b869,0.20748353,0.20748353
70107c28-af1c-11ea-8fc6-4865ee11b869,0.9689496,0.9689496
7000a88a-af1c-11ea-9627-4865ee11b869,0.9246208,0.9246208
703f5b5c-af1c-11ea-9014-4865ee11b869,0.97040033,0.97040033
70471e34-af1c-11ea-92be-4865ee11b869,0.89055985,0.89055985
7064a428-af1c-11ea-b82e-4865ee11b869,0.6789785,0.6789785
705ce138-af1c-11ea-85c7-4865ee11b869,0.69937193,0.69937193
7098fdf0-af1c-11ea-ae98-4865ee11b869,0.105564885,0.105564885
708a13e8-af1c-11ea-9b2c-4865ee11b869,0.58224183,0.58224183
70cca67a-af1c-11ea-bba9-4865ee11b869,0.6087299,0.6087299
70bdab18-af1c-11ea-843b-4865ee11b869,0.9666127,0.9666127
766f3a8c-af1c-11ea-9589-4865ee11b869,0.59246826,0.59246826
7676889a-af1c-11ea-8ae4-4865ee11b869,0.9369657,0.9369657
767e116e-af1c-11ea-a1a6-4865ee11b869,0.6326968,0.6326968
76858664-af1c-11ea-bf7f-4865ee11b869,0.123853564,0.123853564
786b8946-af1c-11ea-869d-4865ee11b869,0.9413474,0.9413474
78986df8-af1c-11ea-a2b1-4865ee11b869,0.49025598,0.49025598
34122062-9a72-11ec-b155-0242ac140002,0.9647755,0.9647755
81a6f20c-af1c-11ea-835b-4865ee11b869,0.96793455,0.96793455
819d0dae-af1c-11ea-ad50-4865ee11b869,0.9227244,0.9227244
81eb46c2-af1c-11ea-b006-4865ee11b869,0.13326453,0.13326453
81f52b10-af1c-11ea-89b7-4865ee11b869,0.32655323,0.32655323
81ff29d2-af1c-11ea-828c-4865ee11b869,0.9355222,0.9355222
82090e12-af1c-11ea-a91d-4865ee11b869,0.9599455,0.9599455
827f9a9c-af1c-11ea-ae67-4865ee11b869,0.88089377,0.88089377
829caba4-af1c-11ea-86b2-4865ee11b869,0.16372299,0.16372299
82a668fa-af1c-11ea-a5af-4865ee11b869,0.9517918,0.9517918
82c38e2c-af1c-11ea-b08b-4865ee11b869,0.17565012,0.17565012
82eaecb0-af1c-11ea-971a-4865ee11b869,0.26644412,0.26644412
82f4ad2e-af1c-11ea-933b-4865ee11b869,0.24255198,0.24255198
831dfbd4-af1c-11ea-aaa3-4865ee11b869,0.124218136,0.124218136
831354ba-af1c-11ea-881c-4865ee11b869,0.11475698,0.11475698
833ae5e4-af1c-11ea-b6d5-4865ee11b869,0.9433496,0.9433496
834e609e-af1c-11ea-8bc6-4865ee11b869,0.13601221,0.13601221
835844dc-af1c-11ea-a80b-4865ee11b869,0.119078785,0.119078785
83625024-af1c-11ea-b78a-4865ee11b869,0.97243714,0.97243714
8388d08a-af1c-11ea-90c7-4865ee11b869,0.92775214,0.92775214
8392a19e-af1c-11ea-977d-4865ee11b869,0.33121228,0.33121228
83a5fc9c-af1c-11ea-9c3c-4865ee11b869,0.9411901,0.9411901
83afe0f4-af1c-11ea-ab43-4865ee11b869,0.9384607,0.9384607
898f4586-af1c-11ea-b1c1-4865ee11b869,0.77930254,0.77930254
899977b6-af1c-11ea-8958-4865ee11b869,0.16516905,0.16516905
89a35c12-af1c-11ea-a105-4865ee11b869,0.7118646,0.7118646
89c0bafe-af1c-11ea-aca9-4865ee11b869,0.11060958,0.11060958
89b6fdb4-af1c-11ea-aeae-4865ee11b869,0.43796197,0.43796197
89caa052-af1c-11ea-820d-4865ee11b869,0.96172637,0.96172637
89d48392-af1c-11ea-87a9-4865ee11b869,0.11475306,0.11475306
89dedcc0-af1c-11ea-8dd2-4865ee11b869,0.281764,0.281764
89e935e2-af1c-11ea-8989-4865ee11b869,0.87489575,0.87489575
89f31a28-af1c-11ea-a8e2-4865ee11b869,0.29958016,0.29958016
8a0a89d2-af1c-11ea-9cba-4865ee11b869,0.90362084,0.90362084
8a00578a-af1c-11ea-97f1-4865ee11b869,0.96781075,0.96781075
8a1eee24-af1c-11ea-9d5c-4865ee11b869,0.23501481,0.23501481
8a292b46-af1c-11ea-9673-4865ee11b869,0.9205685,0.9205685
8a5c9786-af1c-11ea-8bd9-4865ee11b869,0.11259166,0.11259166
8a523e5c-af1c-11ea-92ec-4865ee11b869,0.290127,0.290127
8a70de54-af1c-11ea-a568-4865ee11b869,0.9713473,0.9713473
8a7aafa8-af1c-11ea-a3ae-4865ee11b869,0.8811815,0.8811815
8a8493e2-af1c-11ea-a6a0-4865ee11b869,0.59969336,0.59969336
8ad4c724-af1c-11ea-a8bd-4865ee11b869,0.94348717,0.94348717
8aca4706-af1c-11ea-a621-4865ee11b869,0.9554265,0.9554265
8adef95a-af1c-11ea-9ecc-4865ee11b869,0.9516741,0.9516741
8b074d58-af1c-11ea-bebd-4865ee11b869,0.44937402,0.44937402
8ae9049a-af1c-11ea-b066-4865ee11b869,0.96619767,0.96619767
8e235500-af1c-11ea-b812-4865ee11b869,0.94832575,0.94832575
8e2d3948-af1c-11ea-8ab0-4865ee11b869,0.14603749,0.14603749
8e371d98-af1c-11ea-ac10-4865ee11b869,0.86895204,0.86895204
8e4101de-af1c-11ea-87bc-4865ee11b869,0.13691261,0.13691261
8e4ae634-af1c-11ea-9c51-4865ee11b869,0.9652334,0.9652334
8e54ca78-af1c-11ea-8061-4865ee11b869,0.9671981,0.9671981
8e681e2c-af1c-11ea-af58-4865ee11b869,0.27016678,0.27016678
8e71db7e-af1c-11ea-9348-4865ee11b869,0.9537557,0.9537557
8e7bbfc6-af1c-11ea-8eee-4865ee11b869,0.9680471,0.9680471
8eb89f02-af1c-11ea-a28a-4865ee11b869,0.9673474,0.9673474
8f0614e2-af1c-11ea-8e0c-4865ee11b869,0.96955144,0.96955144
8f0ff92c-af1c-11ea-aa21-4865ee11b869,0.5384033,0.5384033
8f2d580c-af1c-11ea-a366-4865ee11b869,0.13073052,0.13073052
8f37634c-af1c-11ea-a6d4-4865ee11b869,0.5096333,0.5096333
8f551040-af1c-11ea-9273-4865ee11b869,0.18901926,0.18901926
8fa4ce5e-af1c-11ea-b6de-4865ee11b869,0.3455264,0.3455264
8fe9a24a-af1c-11ea-86dd-4865ee11b869,0.17468186,0.17468186
8fdfbdfa-af1c-11ea-98a7-4865ee11b869,0.3966022,0.3966022
9778c378-af1c-11ea-9f89-4865ee11b869,0.94468373,0.94468373
978280d2-af1c-11ea-ac98-4865ee11b869,0.7568252,0.7568252
97a92842-af1c-11ea-adbe-4865ee11b869,0.4683802,0.4683802
97b2e58c-af1c-11ea-9f8a-4865ee11b869,0.94194895,0.94194895
98d50390-af1c-11ea-8b9c-4865ee11b869,0.9563819,0.9563819
99774fae-af1c-11ea-8096-4865ee11b869,0.86635035,0.86635035
7027c4dc-af1c-11ea-bcc6-4865ee11b869,0.1460404,0.1460404
702fd59e-af1c-11ea-8c82-4865ee11b869,0.47465858,0.47465858
70374a94-af1c-11ea-b753-4865ee11b869,0.96883917,0.96883917
70ed5f4a-af1c-11ea-87bd-4865ee11b869,0.15955089,0.15955089
70f74388-af1c-11ea-98db-4865ee11b869,0.38759634,0.38759634
7129f0a8-af1c-11ea-9dfb-4865ee11b869,0.9522803,0.9522803
7171ebee-af1c-11ea-a3e4-4865ee11b869,0.11514933,0.11514933
717b82f6-af1c-11ea-aa3f-4865ee11b869,0.2733661,0.2733661
71d5f51c-af1c-11ea-a05f-4865ee11b869,0.9389003,0.9389003
8b0fe0b6-af1f-11ea-a0e3-4865ee11b869,0.25389436,0.25389436
71e52cf0-af1c-11ea-bfe6-4865ee11b869,0.6979451,0.6979451
71ed3db0-af1c-11ea-ae45-4865ee11b869,0.9653332,0.9653332
72043874-af1c-11ea-bf57-4865ee11b869,0.12598582,0.12598582
720bd452-af1c-11ea-86a3-4865ee11b869,0.14389892,0.14389892
721ae53a-af1c-11ea-9bd8-4865ee11b869,0.9669998,0.9669998
7213be30-af1c-11ea-b340-4865ee11b869,0.6331521,0.6331521
7229813a-af1c-11ea-8061-4865ee11b869,0.90921587,0.90921587
7238921c-af1c-11ea-9d3c-4865ee11b869,0.8137883,0.8137883
723fe01c-af1c-11ea-bc39-4865ee11b869,0.95992845,0.95992845
7247799e-af1c-11ea-afc9-4865ee11b869,0.7765501,0.7765501
724eee98-af1c-11ea-83d8-4865ee11b869,0.9600698,0.9600698
769b5d42-af1c-11ea-afd7-4865ee11b869,0.19484313,0.19484313
76a2f92e-af1c-11ea-a8fd-4865ee11b869,0.95928556,0.95928556
76b8e32e-af1c-11ea-874b-4865ee11b869,0.10155712,0.10155712
76b16e38-af1c-11ea-92ab-4865ee11b869,0.119467944,0.119467944
76c05824-af1c-11ea-b083-4865ee11b869,0.9687557,0.9687557
76e09b4a-af1c-11ea-8873-4865ee11b869,0.13727264,0.13727264
76eaa682-af1c-11ea-ad8b-4865ee11b869,0.967701,0.967701
76f48ad0-af1c-11ea-9745-4865ee11b869,0.6875697,0.6875697
7711c2d8-af1c-11ea-9601-4865ee11b869,0.96608937,0.96608937
771be1e4-af1c-11ea-979f-4865ee11b869,0.16025339,0.16025339
7725ed2e-af1c-11ea-8524-4865ee11b869,0.7256062,0.7256062
772ff864-af1c-11ea-b526-4865ee11b869,0.96458673,0.96458673
775ec9e6-af1c-11ea-9903-4865ee11b869,0.6881189,0.6881189
77569228-af1c-11ea-9ec2-4865ee11b869,0.22999191,0.22999191
7794ba4c-af1c-11ea-af03-4865ee11b869,0.13754328,0.13754328
778d6c4a-af1c-11ea-827f-4865ee11b869,0.9683408,0.9683408
779c5628-af1c-11ea-8223-4865ee11b869,0.97128737,0.97128737
77a44000-af1c-11ea-b47c-4865ee11b869,0.24131636,0.24131636
77ac02f0-af1c-11ea-a226-4865ee11b869,0.3616729,0.3616729
77bb13cc-af1c-11ea-a1e3-4865ee11b869,0.13198191,0.13198191
77c2afb6-af1c-11ea-920c-4865ee11b869,0.96621335,0.96621335
780c6b5a-af1c-11ea-a5ea-4865ee11b869,0.9289166,0.9289166
7822a352-af1c-11ea-a55d-4865ee11b869,0.95080847,0.95080847
781b2e5c-af1c-11ea-a021-4865ee11b869,0.25527492,0.25527492
791b8d64-af1c-11ea-b70b-4865ee11b869,0.96483374,0.96483374
792e34d2-af1c-11ea-89df-4865ee11b869,0.8933969,0.8933969
79401258-af1c-11ea-abcf-4865ee11b869,0.13226835,0.13226835
7937f224-af1c-11ea-b8d2-4865ee11b869,0.11774832,0.11774832
796c822c-af1c-11ea-b2a7-4865ee11b869,0.3965911,0.3965911
7982e10c-af1c-11ea-ad12-4865ee11b869,0.957468,0.957468
7991caf0-af1c-11ea-88a2-4865ee11b869,0.9665266,0.9665266
79af29dc-af1c-11ea-a6a5-4865ee11b869,0.16208707,0.16208707
79a7dbe8-af1c-11ea-bbc1-4865ee11b869,0.15328026,0.15328026
79b677de-af1c-11ea-acc3-4865ee11b869,0.1548366,0.1548366
79c513e8-af1c-11ea-8bef-4865ee11b869,0.35601336,0.35601336
79f6b1ee-af1c-11ea-a622-4865ee11b869,0.44491673,0.44491673
7a346802-af1c-11ea-9423-4865ee11b869,0.966466,0.966466
7a3e4c4a-af1c-11ea-8425-4865ee11b869,0.9428592,0.9428592
7ac5f306-af1c-11ea-ad74-4865ee11b869,0.11424631,0.11424631
7acfeb4a-af1c-11ea-ab7b-4865ee11b869,0.9674863,0.9674863
7b4d5600-af1c-11ea-92c7-4865ee11b869,0.19705953,0.19705953
7b57134a-af1c-11ea-9705-4865ee11b869,0.17119552,0.17119552
7b6a8de8-af1c-11ea-a84a-4865ee11b869,0.9641285,0.9641285
7b74245e-af1c-11ea-9916-4865ee11b869,0.18721284,0.18721284
7bb83e7a-af1c-11ea-aec8-4865ee11b869,0.96107936,0.96107936
7be880d8-af1c-11ea-9024-4865ee11b869,0.15749894,0.15749894
7bd58a54-af1c-11ea-aa71-4865ee11b869,0.96333367,0.96333367
82309f3a-af1c-11ea-8247-4865ee11b869,0.84849024,0.84849024
8275b64a-af1c-11ea-85d1-4865ee11b869,0.9154349,0.9154349
8292c75a-af1c-11ea-90bd-4865ee11b869,0.475113,0.475113
82fe678c-af1c-11ea-9dda-4865ee11b869,0.79598075,0.79598075
858f3308-af1c-11ea-b63e-4865ee11b869,0.80421036,0.80421036
85e6ca30-af1c-11ea-b9c4-4865ee11b869,0.8971711,0.8971711
892b0f2c-af1c-11ea-93e8-4865ee11b869,0.9379697,0.9379697
897b4236-af1c-11ea-a9c0-4865ee11b869,0.35886547,0.35886547
89856136-af1c-11ea-88e5-4865ee11b869,0.6942783,0.6942783
e340c1c5-bd31-4320-8a4b-36793ca5cdd4,0.8600047,0.8600047
da0ca350-f064-4d3f-a958-0aad6798dd90,0.14123338,0.14123338
4193778a-510d-49da-96f2-0195a0e376d8,0.72960454,0.72960454
3e8d0a93-9b18-4644-bfc1-b989c1955660,0.31708524,0.31708524
b0f52741-6528-46be-96d2-03d28a080d2f,0.22720252,0.22720252
ad2940bf-6ec0-4f06-b292-7459b8c8ea1b,0.96356136,0.96356136
84527729-d255-417e-a2f4-87f60c9b6647,0.28718638,0.28718638
ec1edb7c-f47c-4ecb-8afb-e36550393713,0.9694669,0.9694669
39b3f6fa-4bb1-40be-9bdf-a4666b5ca197,0.19438301,0.19438301
ad2a4633-c093-4ed5-8a23-82b33e1e7dea,0.26539096,0.26539096
e66791c7-ecc2-428e-8230-dbcb276b5f0b,0.3497196,0.3497196
dc32bcd9-fe82-4e82-aee7-b294981cd3f1,0.947982,0.947982
9a18792e-46ff-4743-b317-38f95edc1e5c,0.39740574,0.39740574
f05e3e8b-af8f-4151-812b-bfd097cd5acc,0.12472849,0.12472849
f5b84439-1dbc-43f1-b45f-0f2e50b0eeb0,0.9637003,0.9637003
d89a8503-7410-4d0b-9625-e58b857da4e1,0.23332469,0.23332469
4df403e0-d7f6-421e-bee0-07bc39e971a8,0.14830248,0.14830248
80abf83b-8d57-4055-8819-107806e5d08b,0.39142692,0.39142692
ea11d246-6d6e-45bc-8153-6ee4a2cee77f,0.100846104,0.100846104
95f2e1f0-e7be-4232-9b92-4594485f16f2,0.12830633,0.12830633
7dae5566-093b-4b2c-86ea-675b0d2df904,0.74965876,0.74965876
ec0ee234-b296-4074-aeab-4053790d8c54,0.9502653,0.9502653
c3ba03a3-4357-43f1-846b-8d1e1e860201,0.4534686,0.4534686
245cd092-3440-46fc-9104-bcdee60279a8,0.9189735,0.9189735
8cb43e08-cc52-4df8-8543-f22bdd40f43e,0.14407708,0.14407708
b12fdc00-13c2-4213-9b45-467f48ae4891,0.95771194,0.95771194
c8bedbd4-7628-4e18-a11d-450061acf518,0.969236,0.969236
2c75b01a-6143-4ea4-bafc-cad478ca2377,0.9329923,0.9329923
4afeec87-688a-41ad-a159-2058a957fcd7,0.9624607,0.9624607
16c54152-dc84-451e-be33-35190e1cb372,0.9586578,0.9586578
3776c2d8-bd22-4d0f-9206-909b85f70bec,0.8080013,0.8080013
f921c113-2b6e-47d9-af7a-842a741cc9ca,0.8885694,0.8885694
75f5173b-3dd4-4046-8196-c5f0c8768412,0.110476635,0.110476635
6e56d65b-91c7-4b89-b0d2-e260893e1f4b,0.9382933,0.9382933
f7ff14a2-e561-4510-b340-f94e84018bc9,0.9528973,0.9528973
3a4f3b09-e7b1-4238-8a60-598d9ee297ee,0.9642791,0.9642791
b13c1ecc-a266-4efa-958a-6e995553745e,0.9609855,0.9609855
3559db86-e70c-48e9-9d43-655f83565c34,0.16647872,0.16647872
a29ad686-89d5-4098-a196-b128fa9fb26e,0.70091194,0.70091194
4287319a-b73a-474f-9202-fe2ce9949122,0.9045502,0.9045502
d18f54f3-d980-4385-b0a4-ba88e7bfef33,0.53245306,0.53245306
7ef1d940-9b46-43cd-928e-36e37126eee1,0.29094607,0.29094607
c98270de-a6c6-43be-bc7d-05e0360f5ed2,0.969892,0.969892
b06880f7-7a59-42fa-95b1-690a21d79bec,0.11281987,0.11281987
737e8f75-c442-4d7e-be91-2a6609ee9447,0.9195671,0.9195671
62aa0163-fec7-42d8-8ce7-41acb00dbeef,0.30169415,0.30169415
37597537-c3b4-4780-91cf-35e374531ce4,0.12741928,0.12741928
c456e472-5427-4ee8-8c02-9c48616b0aaf,0.9599786,0.9599786
8f7295fb-8b03-4a61-9a39-f96413b7b321,0.2883946,0.2883946
875aca94-adf6-465f-9436-1192b89ce654,0.93028444,0.93028444
b7cf9970-855c-42a1-a047-326fab225dc1,0.33178133,0.33178133
953811b1-94aa-45e4-9888-d51e6c9750dd,0.365761,0.365761
352dd82b-d8b6-4c8a-9f69-c4eb4f0d16f8,0.2964443,0.2964443
ce7bcb96-d5be-4528-9751-4f7a87c786bf,0.36861727,0.36861727
0c130d30-082f-4514-93e4-67f6c13b0758,0.9604631,0.9604631
a3ceb3cd-7d5c-4fc9-8333-d67045f08cdd,0.90222526,0.90222526
60f5d6b4-06ed-4413-bf2f-4147985fb93b,0.96643347,0.96643347
66ed1525-6df8-4f1d-965d-79e613f9cd34,0.26240027,0.26240027
78ebd328-af1c-11ea-a9f8-4865ee11b869,0.9431662,0.9431662
790369c8-af1c-11ea-a0ff-4865ee11b869,0.47494927,0.47494927
1df1fdab-79e0-4b6b-b92b-ac345e8d8a89,0.9224651,0.9224651
566df794-990a-42d8-a326-f243ba536442,0.9701994,0.9701994
9577f2a0-f55f-459d-a5ac-0e2eafb8ce6c,0.92938197,0.92938197
2f24aab3-f034-4064-ae1d-e654524375b0,0.9536042,0.9536042
bec49433-2eac-469f-b145-db6e5fa46a09,0.3749719,0.3749719
07248b58-15ed-4df5-98e9-2fb28f87ef02,0.3086795,0.3086795
cf6ccf1d-3b91-4134-81ca-7f0c8da6f0c9,0.82186246,0.82186246
7d3be39c-a710-4cc3-8b52-96f74f36d6ae,0.10693238,0.10693238
4efdd489-8221-4b0f-8c02-bf94aea0a3fb,0.89415777,0.89415777
1cd6d2fc-077b-4c27-8e8e-76b49f1ab444,0.9611399,0.9611399
6a66c410-0e55-43e2-81fe-b2c15b5749e0,0.20709924,0.20709924
280d9c53-71f9-446d-8b11-c4c0d414d7bb,0.96564454,0.96564454
68e2062c-2ca0-4c51-bf40-2b10cbc5a082,0.9337597,0.9337597
a4375b22-748b-4a57-bf05-166dada7ed9c,0.92097604,0.92097604
4c23412f-5586-4114-a9ec-64783003b1fa,0.94107205,0.94107205
eda713b3-05e4-4bf3-97b1-cbac58b81fda,0.94564867,0.94564867
04b4331c-3d1c-4a4d-9d14-4d7b0c89078c,0.83285016,0.83285016
d57de257-209b-4469-98f5-7ec36f695ada,0.26304635,0.26304635
55122265-0a3a-4a1a-a3b0-10f88bdc03bd,0.24228865,0.24228865
67a01433-6462-4c2d-b1f5-9e44d8f2e64d,0.7028357,0.7028357
5a6ce025-e665-405f-830c-2f76a77e46b5,0.8663294,0.8663294
674f784f-6b9f-4cf0-b3d2-2382a9d76f8f,0.16715302,0.16715302
b669e016-2fac-4c6d-93a3-3091870be40a,0.15683919,0.15683919
43ea7076-3969-4c7f-8999-20bd5398dd8c,0.9646074,0.9646074
9d05e869-ac52-410a-af59-d82a6f5e49dc,0.9691601,0.9691601
f90694e3-8624-4b3b-a816-8136ebcbce82,0.37931153,0.37931153
35831b8e-8c6d-4ef4-8184-fe9493894828,0.9701106,0.9701106
60dadad8-fdda-47d4-9b95-0d0b529fd33d,0.6111705,0.6111705
d62871d0-2cd3-4c81-abf0-2513addf8a69,0.21862169,0.21862169
bbdffe21-6cb9-4342-8af6-07af9529febc,0.13840167,0.13840167
4f9f7c2a-bc3e-4aa0-8cc5-e29718187827,0.34864464,0.34864464
bee8c794-0140-4211-934f-3f7a200ac7f1,0.42612138,0.42612138
a4b7cfed-f66b-49f3-b8d9-deecc7089080,0.8919127,0.8919127
76363545-b061-4cc3-9368-42b06f1bab92,0.12220966,0.12220966
f86f3fe8-dc1e-4c62-bd6b-384261acf0b1,0.9416055,0.9416055
9198dcbf-ce49-442c-8d80-56d4442feb3c,0.7646353,0.7646353
61ba418b-ef56-4e9c-99b7-c35bca51b2e2,0.27457273,0.27457273
3b87c11e-4a6b-472f-a826-2c28bb1d7ed3,0.9173107,0.9173107
d7140cd0-99ed-44ba-b18b-ef74fe2a2c97,0.3729363,0.3729363
3391ce22-d334-405e-b0a5-31c3ccb19179,0.37036404,0.37036404
0be114d5-3535-4729-982b-470e5fb61156,0.92727655,0.92727655
c5bb5de5-ec1d-4dd3-9d35-2e2a1418467d,0.72824985,0.72824985
891bb224-5124-4192-8206-9ce72a9525c7,0.9626196,0.9626196
8bd5bdb3-9cf8-481c-aa23-038f75bbf7e1,0.32761636,0.32761636
56879076-23f4-4cbf-9ad0-425d2787ec1d,0.9725282,0.9725282
260bd06a-1aa2-4b05-961f-181a53bc4a4d,0.96701276,0.96701276
6c18178a-36a8-481a-8ca5-9a563ac5eab3,0.775985,0.775985
76cde11c-ebe7-4d52-823f-8ade5d43e29d,0.93800855,0.93800855
4bc72669-4b98-428a-882e-ca38394d051e,0.9614385,0.9614385
804cdcaa-a9e0-4015-85f9-841fe3b9acfd,0.18074694,0.18074694
9ad87753-3879-499b-a8a9-1aea28b9e156,0.6978066,0.6978066
e51a61c9-ed6d-4ced-839d-6228cd308c3e,0.22624476,0.22624476
c445094e-8c53-421c-8fbc-46b499328f3e,0.1155947,0.1155947
709b2810-4121-47c7-8b28-8624238382cb,0.36598197,0.36598197
d27ee8b6-05c6-4880-8d3a-759f94a2ec27,0.88759094,0.88759094
714585cb-4d34-4131-b3c3-ab4e52d330e4,0.8726945,0.8726945
29cea5c8-1217-4a32-9b98-a01347a16c9c,0.80076355,0.80076355
5dabc3d4-7685-4075-9ee2-7eb0e62c7adb,0.8921254,0.8921254
4f6723da-4ecf-4770-9bbe-20161170bd4c,0.779146,0.779146
3b7210ce-529b-43b4-b8f9-57e9ce54e512,0.16034436,0.16034436
4574e5c7-34de-49c6-a396-ff21bea16a4a,0.78398126,0.78398126
a3cccd25-edc8-4f62-95ab-189775aea015,0.89506346,0.89506346
8769e2cc-af1c-11ea-a1a5-4865ee11b869,0.9654214,0.9654214
8773792e-af1c-11ea-ad76-4865ee11b869,0.96553165,0.96553165
88a05842-af1c-11ea-9652-4865ee11b869,0.13768248,0.13768248
88aa2980-af1c-11ea-ad57-4865ee11b869,0.10598955,0.10598955
e2af8437-d243-4291-bddc-c7f9da15893b,0.7188626,0.7188626
b7ab1ece-fea8-437e-89ea-3a0968a10f8e,0.9690902,0.9690902
0e248212-8749-49e2-8cb4-2e6b98f7bf17,0.9691436,0.9691436
795c41c3-d566-4062-b976-04fc6ea6002b,0.15071838,0.15071838
60356f28-2b8e-4585-8b83-6d7fbb348a7c,0.5890823,0.5890823
13ed1601-fcc3-4775-b37d-aff97fb98551,0.79737186,0.79737186
c13607b4-6540-4eda-b5bf-983a50c25a54,0.5550021,0.5550021
dcc75816-ba87-4663-b24e-f1c027cd0b8a,0.2557715,0.2557715
eb70d990-8465-41ea-98f5-ebec62acc43f,0.4626654,0.4626654
add86d00-38d5-48b2-b991-36c5aa1fb35d,0.17999569,0.17999569
f8d5f6ae-69ae-4c30-b95b-dc040da4155a,0.740457,0.740457
18770ebe-eac4-4b84-b8af-1e25d9f79a3d,0.16944416,0.16944416
63767632-c248-4e60-80fb-4e89f15f13f9,0.925164,0.925164
cb3f7bf9-dabe-4df1-bdd2-62004e6ed3f5,0.9707011,0.9707011
f9678329-8cc9-43cb-9bf5-3b2dee5efb76,0.76960915,0.76960915
05ed472b-d507-48ba-aadf-fc0d4a295fe6,0.80748963,0.80748963
613821da-5cca-432d-b93a-32bde178b0c8,0.12333105,0.12333105
3fff214e-0832-4b77-89e4-63c5f46f877e,0.93047076,0.93047076
aea1292c-dc35-43b6-b358-5788539594a0,0.32506546,0.32506546
2ec4c9fd-e39c-42b9-b2fa-51e4db714cef,0.4467941,0.4467941
882f06bc-301c-45d4-bc09-afb0ef04d03c,0.22496413,0.22496413
a244df22-7b2e-4658-9cac-9360a5ec3dab,0.8254477,0.8254477
fc1347b6-27e0-48c0-a6fe-af058e2e6de9,0.80761045,0.80761045
476d8e5e-117a-44ff-97bf-f94fabd5bdd2,0.9691857,0.9691857
e7353499-49d5-4a65-95d7-560f52e9ba40,0.95789254,0.95789254
f4f4002f-beb7-4c1e-b966-14b5199770c7,0.9476411,0.9476411
10628791-39b4-4e17-aba5-fb3098c1afec,0.96341205,0.96341205
94f143e5-2092-425d-b9ba-a8592c175155,0.748964,0.748964
af0287fa-929f-4995-9a94-9998d21877f2,0.9321725,0.9321725
171137f6-1d95-4596-868f-fe93b3ff0ce8,0.17688586,0.17688586
97f8acb6-1f25-4b83-ab03-80da42f2da12,0.44237795,0.44237795
761230a4-692a-4a13-893a-89a2f6725feb,0.96863776,0.96863776
1f03e4c3-46fb-41a0-ad1c-45a19672e077,0.16204643,0.16204643
3c1c00f9-bb9b-4a1e-bdce-46d5bdb8df1c,0.949245,0.949245
30d06c7b-d874-4508-b042-1956c530483b,0.9528196,0.9528196
e4e16668-166e-4cda-8d15-445a0e8c1192,0.13930665,0.13930665
31cd9239-d8c2-47c9-a821-7d4fba34b077,0.46032947,0.46032947
f0e5c26e-643a-4f90-95f4-38cf9fb2173c,0.95465195,0.95465195
f88faf03-4174-4bc1-ab14-b797b6f3bec5,0.83939314,0.83939314
24620943-3e19-45c8-87c3-840e5859005d,0.18296936,0.18296936
57288abf-6569-467d-b667-f75664d3b8ab,0.30490443,0.30490443
a0a78baa-461e-4337-82ef-84fd2d292d65,0.1063075,0.1063075
a33e435d-c166-48a6-afbf-dcac3cb038b6,0.9679476,0.9679476
0ff6c4bb-ca51-4f80-96e1-1a0baf4988de,0.9474964,0.9474964
5f86858a-a2e2-44a7-90b9-c1686f913aa3,0.895048,0.895048
44fb2217-59ed-47f3-8a4c-563c6e73e663,0.9277818,0.9277818
afb9aa9c-092f-4959-b666-5dfdb7d3291b,0.77400565,0.77400565
93df0aba-3909-4392-8ede-bfaf374af020,0.62261987,0.62261987
0ae3b2d5-c569-441a-baa1-59d0479e9dde,0.86793864,0.86793864
fc3f4e37-be7b-4ac0-9677-feb0f4a5e4a2,0.42668727,0.42668727
ec168976-75ce-4abe-9428-8ac2e1ae6892,0.117209196,0.117209196
7d19cbe4-81a1-4391-b80b-044dd5e4004f,0.9192734,0.9192734
877d262e-af1c-11ea-b058-4865ee11b869,0.10815843,0.10815843
71e85aeb-1418-45bc-b2e8-9ace2dead101,0.89233226,0.89233226
8abf5575-d7a5-45a0-b13a-8ef2f7163df5,0.95524716,0.95524716
b123d7b0-684d-4659-b0ba-b1a3cbf77a8c,0.9240234,0.9240234
34aefd27-20d6-417d-bae6-a3189c947a17,0.8223761,0.8223761
8786e386-af1c-11ea-8cfc-4865ee11b869,0.96585447,0.96585447
87adc430-af1c-11ea-98cf-4865ee11b869,0.9654992,0.9654992
879a5e2e-af1c-11ea-b1fd-4865ee11b869,0.96189857,0.96189857
87a406dc-af1c-11ea-a4e9-4865ee11b869,0.10610141,0.10610141
87b79398-af1c-11ea-8fe9-4865ee11b869,0.9651829,0.9651829
87cb3534-af1c-11ea-a90e-4865ee11b869,0.9645726,0.9645726
8805575c-af1c-11ea-8332-4865ee11b869,0.45414525,0.45414525
880f3ba6-af1c-11ea-ad8b-4865ee11b869,0.47041065,0.47041065
8848fcd0-af1c-11ea-b4bc-4865ee11b869,0.113271706,0.113271706
88359524-af1c-11ea-aa95-4865ee11b869,0.30009723,0.30009723
885c77d0-af1c-11ea-b6a6-4865ee11b869,0.10848579,0.10848579
8852ba5a-af1c-11ea-aa33-4865ee11b869,0.96426713,0.96426713
882bd7be-af1c-11ea-a342-4865ee11b869,0.08843671,0.08843671
88221a78-af1c-11ea-bc6e-4865ee11b869,0.96545136,0.96545136
7d3d0cd6-060a-4bdb-a9f3-b48fbb6f05f9,0.89855546,0.89855546
84bec91d-9a8c-4143-af60-f1ad07d709b4,0.9461491,0.9461491
54d32f35-1a67-497d-b02e-4178e792b2ea,0.39621073,0.39621073
99ccfd2c-af1c-11ea-bbb4-4865ee11b869,0.96658117,0.96658117
9a060f88-af1c-11ea-b487-4865ee11b869,0.96692944,0.96692944
9a3f215a-af1c-11ea-ab38-4865ee11b869,0.9642323,0.9642323
e8e579cb-a14a-4b1b-bd6c-9c77894eb58c,0.8460979,0.8460979
e7a5bcb9-3cb3-4a10-8a84-bcd5b2b916a8,0.9634581,0.9634581
b7e2f85d-55c3-4e3b-ab75-0dac3cbf5451,0.5031012,0.5031012
c3423e13-9e14-48ff-9cef-cf050ffb711f,0.46428913,0.46428913
c2b923a8-0abd-4f1f-bf2a-f9c1d3306fcb,0.9697714,0.9697714
cdbae833-c912-4339-9d52-5c37af47babb,0.9196905,0.9196905
6bb02712-c4b3-47da-9f44-2fd279a1c95b,0.9072595,0.9072595
cb1ac55d-ac13-4c3e-b04a-763002684760,0.32102156,0.32102156
3ee8d77a-7316-4d25-b597-a1013948dd5b,0.13861932,0.13861932
bc00335b-ab0b-4aa2-aed0-6d6ba4c91274,0.24911788,0.24911788
8cfde92b-534c-471e-9357-f20a2331df8b,0.121000625,0.121000625
0950731d-68b0-494e-8822-568a5c316e79,0.22518058,0.22518058
947258ef-8b33-4379-9262-29a29926daff,0.9662051,0.9662051
efc88bd0-e6e8-40f3-b3b5-c9671a3b33b6,0.96419185,0.96419185
39c00fe9-904d-4a71-aa04-51eaf40b5b8b,0.6915739,0.6915739
e840447c-1d64-4fef-914c-52b7fdc5e39a,0.15994637,0.15994637
e569ff51-d987-4142-bb92-13bdbb4a1699,0.9405752,0.9405752
c5afea0a-91fd-4ca4-b360-ad19553910a9,0.58097166,0.58097166
56911598-987e-415e-b3af-956f471fd304,0.96254283,0.96254283
24953df9-db6e-4b05-adf3-9f2e568dd056,0.96272254,0.96272254
0974f7e7-d54e-43d1-aac1-eb3df71ed3e3,0.9508168,0.9508168
0f56b9ca-a2c7-4402-96f3-f9260b45f508,0.80842364,0.80842364
8de0926b-8220-4332-8fae-b13a2807f0c7,0.69107383,0.69107383
df02ad98-67d4-4fbd-bfb0-08f75866f6b1,0.94998795,0.94998795
4628b40b-55ac-46fd-a31e-25c1679c6fea,0.93528116,0.93528116
ac77e32c-bac8-4f6d-a9f1-71ba718afec7,0.21546817,0.21546817
e90d7cfe-bcea-4341-9bb1-6eb9eefcbe86,0.91708845,0.91708845
41037a2d-36c2-4d86-9875-fda378d7a1a5,0.46829036,0.46829036
4d3d53f2-9480-4609-8083-e0fd98789b8c,0.95377034,0.95377034
c037c111-bf0b-4853-bf86-bb594f39a5b8,0.1240483,0.1240483
84287c21-bd25-42be-a7e4-9ea8e9494250,0.90282446,0.90282446
5cb61220-224a-4eaa-aa48-cd3e3be22dcb,0.95577526,0.95577526
4063d9e1-1a90-4f38-ba38-501478660581,0.48413652,0.48413652
5da1a2bd-596c-414e-9314-4440f98d60fe,0.3633742,0.3633742
7b89a829-04c7-4e1f-b082-fcd92f5c68c7,0.94626826,0.94626826
1c97afbe-9133-4a6c-8c97-8d36cba55d65,0.93500835,0.93500835
8fc3cc78-e27f-454e-823b-a69c167395a5,0.16300805,0.16300805
a7bebc23-3a50-4aa2-a7ab-dbcb5635a90f,0.6869754,0.6869754
d5f07603-f0ac-424a-b670-3164f2694941,0.85542566,0.85542566
1110ce7c-0e52-471d-84b8-7c36b4dd3e56,0.7748179,0.7748179
6ef94a9b-12b9-47ec-964b-f01a55a6b581,0.14675681,0.14675681
74dd4b28-946f-42db-ae71-e955fefee84f,0.39014336,0.39014336
fcf4cf99-428c-40a2-84ac-88ad1cf2881f,0.9638013,0.9638013
79d72041-a9e3-47d8-af09-00f48f77c005,0.96974224,0.96974224
168b22b8-cffd-49ee-bd26-26cf73828946,0.7557687,0.7557687
8c14f15c-2861-40ef-b69a-240ca10bd126,0.36745372,0.36745372
3b54ab5b-bbf8-44aa-991f-2cca53df827f,0.34502363,0.34502363
04cb9087-f66a-49ea-afbb-114302606f3b,0.95864993,0.95864993
f38c6312-024b-4f2c-8939-566188a0da2c,0.9541424,0.9541424
e8b6ebf8-d63f-42f4-a3ee-9e64bc681689,0.14251305,0.14251305
7ae5af28-8a72-4fb3-849d-0987a514cc34,0.91724735,0.91724735
3e4f64e5-013c-4c87-8f1d-bd7017d21066,0.9202428,0.9202428
647f5417-3b5f-4c1b-a650-9423be256a71,0.8099419,0.8099419
2903ebd3-3ae9-40d2-a1f0-6423f727aa45,0.9583288,0.9583288
3ade72e4-4b6b-4d3e-bd11-dc8cc816ab85,0.35501137,0.35501137
8f99a06f-f970-46d8-b443-41d1e03114b4,0.87284833,0.87284833
8c99c856-35ac-4d0e-9608-a62514c07fc4,0.5031308,0.5031308
d4d308ef-329b-4564-ae22-ab995dd4e93e,0.87716573,0.87716573
a4b0bed4-437a-11ee-8603-0242ac120002,0.10765849,0.10765849
d112b8aa-4797-11ec-a503-0242ac130002,0.95217663,0.95217663
5db39c44-1ab8-4b72-9809-50a89817116b,0.45784336,0.45784336
28550535-b4e9-41ad-85de-8c89585eac90,0.94817173,0.94817173
8afc9e5c-b527-45f6-8e47-5a33682ae775,0.94833934,0.94833934
c60cff4e-7fc4-429d-a5b2-183e026b9488,0.24084957,0.24084957
ad6800ee-df17-4444-9f99-b5c5465ba6b2,0.92330426,0.92330426
0b17b46f-e717-4ca7-9f0f-57e8788ecd46,0.8729478,0.8729478
e5fea214-95d8-460f-9712-506184b74d10,0.69238764,0.69238764
69b31781-6e10-475c-afff-5b7690a54c03,0.90528935,0.90528935
9781add3-992f-49d3-be5f-43b5c338e303,0.39036462,0.39036462
2e7fd20f-670a-497f-a489-861b8888ce0a,0.45351493,0.45351493
f53a85d8-6f07-4570-9c40-e2dde840e8fd,0.9063778,0.9063778
e968e6f8-11c3-4039-9df0-cefc6e1a158b,0.6126785,0.6126785
dd72f82d-155b-4552-ad64-6ab6ccd2ba2b,0.9286619,0.9286619
ae3ebcb2-419f-4406-9425-a331180df053,0.3349641,0.3349641
7cdb0920-b045-42ef-92d1-e651d7f0e9e5,0.8794737,0.8794737
3b8b262c-2de2-42b2-8dbe-e760ebae6503,0.93800586,0.93800586
3baa2ed1-ae99-4368-ab1c-1c662080beba,0.9671123,0.9671123
af59e4f0-f006-4a27-b8cb-aa57338f3e3e,0.28835347,0.28835347
7b4d25a6-cb22-4b20-8436-3ce7728402c5,0.3213661,0.3213661
872cbc54-2a4b-49f2-8508-d69e855ec249,0.2676462,0.2676462
ee08043d-7c22-4dfc-81d5-e62488f5641f,0.4643196,0.4643196
9dabd689-e7cd-4f3f-b257-918364578eb4,0.4070432,0.4070432
a8b7e7da-0cd8-4c8c-b9a2-a89016ee7e59,0.5858667,0.5858667
1c6fbbec-7e5b-447d-8223-9c10fd40b482,0.28136975,0.28136975
bc230658-787d-46f3-9529-f42ca2384a0a,0.11666693,0.11666693
f8f4b800-ce12-4d74-9b7e-12a4d033e6d5,0.28938887,0.28938887
ed8460fa-7b7d-4262-be12-a6ca8b8ca666,0.9639215,0.9639215
ba8717bd-d048-42a6-a8a3-94e94a4c401e,0.9674661,0.9674661
cbba51e0-1a83-4ae7-832e-2b5cc9048798,0.9672695,0.9672695
6cf214f0-fbbd-4048-8e31-42c0900f9a66,0.870248,0.870248
29081544-72e0-4f63-b391-ce58a2678198,0.17662093,0.17662093
252d8543-6e39-46c9-8707-628701a69f31,0.9682676,0.9682676
87044c73-2520-4692-9654-19deb007b2b3,0.17561324,0.17561324
31329080-5b42-4f94-a8d0-1f785a955774,0.92041737,0.92041737
335dc39b-fd1a-4383-b197-1e4f4e8bf645,0.9649649,0.9649649
3b147a02-0eed-4c42-a71a-a63d01cfbb7c,0.32315773,0.32315773
7b170cee-3412-40a4-a5bf-48459585f309,0.278223,0.278223
d9c5b8bd-d2e8-4758-8fc5-6355bed57ecf,0.67584413,0.67584413
e4df7ced-3bb8-482c-8183-30f60c6eda83,0.62607616,0.62607616
5c625e0a-93b1-4a68-930a-a7b2c8d2db40,0.15179287,0.15179287
5ebbd034-c2aa-4a82-8352-09714fc91702,0.9494182,0.9494182
c37a4f3b-2356-4a16-a02b-bbd7b3370b9d,0.9419006,0.9419006
7cb1a2a9-82ff-4ee7-a661-0f84103bdb63,0.8571049,0.8571049
a5dfc70e-9a24-490b-9891-9a604a762051,0.44304729,0.44304729
c1708e2f-3709-4b08-857d-93064f3a77ed,0.5915343,0.5915343
0fad81e8-3632-4277-8325-615d9eeaa595,0.38232216,0.38232216
4d2d1fb8-a521-4338-8913-c9c24a957e1e,0.8880933,0.8880933
7fdbf969-abbc-4104-a4a3-f7390ca4443d,0.9290145,0.9290145
68b080df-3a81-4e7b-b0b7-5f0a2173ca56,0.49708298,0.49708298
8e65223a-5afe-43e6-9429-e965860a36ed,0.9399968,0.9399968
ee21b975-720d-4afc-b495-88de8103d1a8,0.2604614,0.2604614
32447d87-383c-426b-b8fb-bd7de8cec087,0.95083326,0.95083326
5df1c6a8-d12a-45f7-8af6-66b465abd196,0.9540859,0.9540859
f6d2a519-2b3a-4efd-9998-68d7a9e7660f,0.7914943,0.7914943
c4c5fee4-c776-483a-994e-637583280536,0.93093914,0.93093914
c6f93d61-9291-4c18-b013-dd2467729128,0.16172525,0.16172525
7a1a4df3-3bcc-4c2e-8302-a9cb5fa2b888,0.9519035,0.9519035
82c52e74-f95a-45f7-a119-c32a941566d9,0.27052638,0.27052638
ed43e3f7-8fd1-4d9a-ab7c-1821a9ea4de8,0.9599013,0.9599013
17952bba-0bcb-4c55-9973-e6f141f54625,0.9030285,0.9030285
bc6ff6bb-e543-477d-9771-6b82e12fe838,0.89243835,0.89243835
da07fbcf-d6eb-4dbf-8a7b-ec107a6c0875,0.914689,0.914689
0aefcf6c-db09-4a58-89db-e22f175c7247,0.9633641,0.9633641
41dc0ebc-b3f0-4b54-81dc-d7bc738629c6,0.84043556,0.84043556
aaa9e525-a4f8-4c56-9e11-ac69dffb9ef0,0.43517902,0.43517902
ee35dbd2-cf75-4865-af30-dcb89794c5ad,0.86241347,0.86241347
6348d90b-fa4f-4f02-b5f1-f9b7bdc600c2,0.29753417,0.29753417
4a973d21-2841-4d58-8e5b-b4ab7d78e003,0.9680038,0.9680038
0787dc2f-43f5-4237-b884-2d3abbdd3977,0.5652147,0.5652147
090a24a2-d914-4ac9-9893-c6992a74f4d7,0.12463712,0.12463712
8362e1fd-8e3e-4026-9736-f3f45fbf9576,0.9584045,0.9584045
422f7ca0-62dc-4452-be8a-a168a92a0914,0.946029,0.946029
04bdaa6b-ea31-4541-868e-5853c348f4c4,0.38159114,0.38159114
2170b5bd-7037-4723-b114-f6ebf6cc646a,0.86554426,0.86554426
2e56fda6-b6e5-41c1-961e-1f25611971b5,0.17855594,0.17855594
d12d3c66-a891-4aad-9ba0-4ea698877600,0.96952057,0.96952057
4d92479a-8551-4dac-a5b6-c08e97772ef0,0.9029389,0.9029389
6dcced59-a2e7-4faa-b2b1-d24f0d92a5a6,0.8286578,0.8286578
08459579-67fb-4be8-b1a8-57da269fd2c5,0.41551107,0.41551107
1ee73a25-3aef-41f6-b865-acc27aa1a4b7,0.3658457,0.3658457
dabb5408-7e68-4230-ab69-bc8875aecca6,0.91900665,0.91900665
ad06f62c-1b51-4883-82e6-0c1dcfba311e,0.93793476,0.93793476
2aaf8ed8-0538-4145-9257-270bbe932ad6,0.12938027,0.12938027
db193db9-db94-48af-9cf5-527caae0d0a7,0.22894588,0.22894588
948e0226-1142-44a4-8e98-1fa050a6da48,0.96044976,0.96044976
d72b9d97-3c9a-4c51-97bf-4240957953fd,0.3241173,0.3241173
16f62231-e6e3-4af9-b0b4-996a195e3e0d,0.37452325,0.37452325
fff8c301-e71f-4d98-90f7-9243afda8aaf,0.27977785,0.27977785
be7b4131-666a-4f06-849f-9b4963c15676,0.33854476,0.33854476
0f5f2a93-59f0-4465-a1ce-a9379fef826f,0.8390813,0.8390813
b6d82c50-0523-4c2e-b7e1-4aa1e7175a31,0.23510979,0.23510979
55c10066-db4b-4716-9337-58773f17bed0,0.96860623,0.96860623
cc8fb935-3b5b-41a8-951e-4b38c0588199,0.89139074,0.89139074
b6f1e438-dd86-42ae-9d51-402b2af6a3c7,0.8486613,0.8486613
4d89a385-75cc-4022-9ae1-a83032bebbb8,0.51509947,0.51509947
faa03c62-c37f-4e0e-abd7-c87a17b665d8,0.93853563,0.93853563
735dc5ca-1a92-434a-9cad-56ab57643acd,0.9617775,0.9617775
9e230422-9e61-48df-b958-2c115271f077,0.9683299,0.9683299
243ac985-030b-42a6-8626-a44f6c94b594,0.95888007,0.95888007
09ee525d-a64e-409c-b151-4964fd80f804,0.5499848,0.5499848
df6e0b9d-7048-4dfa-8e62-bcbcf99384ef,0.54562813,0.54562813
6df5825e-7ec5-47be-952f-dec5b8518474,0.113220274,0.113220274
656da66d-67ff-4fdd-a234-876061fff606,0.80769414,0.80769414
3db8e6df-1831-47a7-b8bc-d8603e63388c,0.3413469,0.3413469
06d258e9-d284-493f-9c59-68b07ed1acd3,0.72366965,0.72366965
e5d852fb-b80a-4ad0-8e43-91233575e9a3,0.9706297,0.9706297
c6d0382f-027d-478e-99bb-61468ab86d01,0.92233735,0.92233735
1534cc50-8c7b-4b60-9d67-4aaf5960de41,0.9151124,0.9151124
e725af08-5182-4551-9f36-e7b0e28da251,0.15903264,0.15903264
ab0e1187-1efe-4216-a7fb-fde18d6ca7c8,0.51954275,0.51954275
008f21f0-6e01-4e7d-8577-cf44d28d543f,0.96718913,0.96718913
05809848-a4d7-420a-b397-5ea4364d9be9,0.28430858,0.28430858
44f2fd29-8d30-44cf-9dd5-4816d7fe9ac1,0.9437046,0.9437046
bb17a3b9-a5e5-4474-bbe4-03595a1105fd,0.4327681,0.4327681
a24c20a4-d0b8-4461-a57e-9910fac5aa0f,0.9653717,0.9653717
99cef15c-bbf9-44b7-98cd-c3767ceef009,0.7486183,0.7486183
515a27f3-89ef-443c-b6c8-6fd7339e7986,0.95238465,0.95238465
277325df-cfeb-466e-8f19-cf03ffdba69e,0.9535003,0.9535003
5d165e40-f647-11ea-8071-0242ac120002,0.95650005,0.95650005
58a57bfc-f647-11ea-8071-0242ac120002,0.7995632,0.7995632
5d034e4a-f647-11ea-8071-0242ac120002,0.95598793,0.95598793
5d28d49e-f647-11ea-8071-0242ac120002,0.9235247,0.9235247
aedd73ae-fc90-11ea-aef3-0242ac140002,0.82596225,0.82596225
aef03084-fc90-11ea-aef3-0242ac140002,0.5916094,0.5916094
527d0ea4-d7fc-11ea-abcd-50eb71236d8c,0.9217563,0.9217563
a98dc23f-8c46-489b-aed8-307592f66cb7,0.2071146,0.2071146
216ccdb8-2944-11eb-9e89-0242ac130002,0.74749863,0.74749863
2718e562-2944-11eb-9e89-0242ac130002,0.67840284,0.67840284
213a53ec-2944-11eb-9e89-0242ac130002,0.22695188,0.22695188
1df7de0c-2944-11eb-9e89-0242ac130002,0.968542,0.968542
b3fa9993-7e0a-446c-8b96-3a3d4f102405,0.26682487,0.26682487
1f85f27c-2944-11eb-9e89-0242ac130002,0.39133286,0.39133286
209cb808-2944-11eb-9e89-0242ac130002,0.9331504,0.9331504
22bd390a-2944-11eb-9e89-0242ac130002,0.93154794,0.93154794
25e97f8a-2944-11eb-9e89-0242ac130002,0.9573053,0.9573053
21c93daa-2944-11eb-9e89-0242ac130002,0.9043089,0.9043089
2230680e-2944-11eb-9e89-0242ac130002,0.9630529,0.9630529
1d6d65e2-2944-11eb-9e89-0242ac130002,0.90694094,0.90694094
1fe25ada-2944-11eb-9e89-0242ac130002,0.96751755,0.96751755
23e91128-2944-11eb-9e89-0242ac130002,0.43201503,0.43201503
27aca68a-2944-11eb-9e89-0242ac130002,0.72941595,0.72941595
4c6fb6f2-14d5-49ed-9287-1e6b256d16d3,0.9673077,0.9673077
9e7cb349-62b8-4eb1-a1cc-042b79f7ca32,0.8374401,0.8374401
233fb182-2944-11eb-9e89-0242ac130002,0.11241084,0.11241084
268a0946-2944-11eb-9e89-0242ac130002,0.14361505,0.14361505
2235a692-814c-11eb-a9a0-0242ac130002,0.9667808,0.9667808
2285884c-814c-11eb-a9a0-0242ac130002,0.19999817,0.19999817
21e1adee-814c-11eb-a9a0-0242ac130002,0.77270085,0.77270085
22d2ed8a-814c-11eb-a9a0-0242ac130002,0.95653534,0.95653534
2183f172-814c-11eb-a9a0-0242ac130002,0.9319151,0.9319151
20c3b128-814c-11eb-a9a0-0242ac130002,0.5862558,0.5862558
211c0378-814c-11eb-a9a0-0242ac130002,0.6464922,0.6464922
d38afe4e-9586-11eb-b392-0242ac130002,0.87121683,0.87121683
86d9035e-9511-11eb-8c68-0242ac130002,0.21551654,0.21551654
10bfee5c-9576-11eb-9abe-0242ac130002,0.5200827,0.5200827
86f78e6e-9511-11eb-8c68-0242ac130002,0.2092019,0.2092019
45c00fa8-9af6-11eb-b164-0242ac150002,0.8487231,0.8487231
45a218ea-9af6-11eb-b164-0242ac150002,0.7962817,0.7962817
2143d60c-ab98-11eb-a24b-0242ac120002,0.20913011,0.20913011
b00f7eec-124d-11ec-82e5-0242ac130002,0.6798785,0.6798785
b2e91c04-124d-11ec-82e5-0242ac130002,0.11961084,0.11961084
b3d49f26-124d-11ec-82e5-0242ac130002,0.9486435,0.9486435
b1d9a022-124d-11ec-82e5-0242ac130002,0.9715766,0.9715766
b07fb2ac-124d-11ec-82e5-0242ac130002,0.93708044,0.93708044
b19900ee-124d-11ec-82e5-0242ac130002,0.94648165,0.94648165
b3989788-124d-11ec-82e5-0242ac130002,0.94870114,0.94870114
b047605a-124d-11ec-82e5-0242ac130002,0.33755013,0.33755013
b21a5126-124d-11ec-82e5-0242ac130002,0.9566798,0.9566798
b35d4a5c-124d-11ec-82e5-0242ac130002,0.138345,0.138345
b325defa-124d-11ec-82e5-0242ac130002,0.16587524,0.16587524
bbd6d95a-124d-11ec-82e5-0242ac130002,0.77858114,0.77858114
b63376ac-124d-11ec-82e5-0242ac130002,0.11018768,0.11018768
b8855920-124d-11ec-82e5-0242ac130002,0.96817994,0.96817994
b84761ec-124d-11ec-82e5-0242ac130002,0.90493095,0.90493095
bf64b704-124d-11ec-82e5-0242ac130002,0.23575698,0.23575698
bee3b76c-124d-11ec-82e5-0242ac130002,0.63945293,0.63945293
bfec7e96-124d-11ec-82e5-0242ac130002,0.29299226,0.29299226
bc2639c8-124d-11ec-82e5-0242ac130002,0.4243095,0.4243095
bb867780-124d-11ec-82e5-0242ac130002,0.94925827,0.94925827
bd504ce4-124d-11ec-82e5-0242ac130002,0.97226447,0.97226447
bfaf3a36-124d-11ec-82e5-0242ac130002,0.9261769,0.9261769
bd0b9e50-124d-11ec-82e5-0242ac130002,0.9680916,0.9680916
c0331950-124d-11ec-82e5-0242ac130002,0.9675053,0.9675053
bcc4a298-124d-11ec-82e5-0242ac130002,0.27960527,0.27960527
bc81b8de-124d-11ec-82e5-0242ac130002,0.91100156,0.91100156
c2d5b226-124d-11ec-82e5-0242ac130002,0.9038408,0.9038408
c0ff9174-124d-11ec-82e5-0242ac130002,0.10731257,0.10731257
c145bae6-124d-11ec-82e5-0242ac130002,0.8999366,0.8999366
c24bc840-124d-11ec-82e5-0242ac130002,0.4418163,0.4418163
c07b8988-124d-11ec-82e5-0242ac130002,0.33146778,0.33146778
c1c49e88-124d-11ec-82e5-0242ac130002,0.9271087,0.9271087
c29671ec-124d-11ec-82e5-0242ac130002,0.35259184,0.35259184
c3141034-124d-11ec-82e5-0242ac130002,0.9604515,0.9604515
c0bf9e66-124d-11ec-82e5-0242ac130002,0.27344894,0.27344894
8042ddfc-b01e-11ec-8264-0242ac140002,0.12148882,0.12148882
81901d5a-b01e-11ec-8264-0242ac140002,0.43239558,0.43239558
78fe61d8-b01e-11ec-8264-0242ac140002,0.7562835,0.7562835
79923174-b01e-11ec-8264-0242ac140002,0.74160856,0.74160856
769739b0-b01e-11ec-8264-0242ac140002,0.24800424,0.24800424
7af95948-b01e-11ec-8264-0242ac140002,0.9544586,0.9544586
7bbb152e-b01e-11ec-8264-0242ac140002,0.97129613,0.97129613
7b444cc8-b01e-11ec-8264-0242ac140002,0.49352357,0.49352357
7d833c74-b01e-11ec-8264-0242ac140002,0.53390115,0.53390115
7cbd7142-b01e-11ec-8264-0242ac140002,0.8722945,0.8722945
7d291dca-b01e-11ec-8264-0242ac140002,0.9120614,0.9120614
7c386de4-b01e-11ec-8264-0242ac140002,0.9014779,0.9014779
77cf4e8a-b01e-11ec-8264-0242ac140002,0.9471565,0.9471565
78415b4c-b01e-11ec-8264-0242ac140002,0.95633227,0.95633227
02a76422-be87-11ec-8270-0242ac140002,0.9009408,0.9009408
02d77c7a-be87-11ec-8270-0242ac140002,0.21289887,0.21289887
af3681c0-bda4-11ec-b23a-0242ac140002,0.95343965,0.95343965
f3ac04be-ce35-11ec-b524-0242ac130002,0.96822256,0.96822256
2da2e19c-ceea-11ec-8b6f-0242ac130002,0.63749737,0.63749737
e3d8c6fe-d433-11ec-a73d-0242ac130002,0.97015166,0.97015166
3ecb40cc-0ccf-11ed-be77-0242ac130002,0.36758086,0.36758086
8dd648c2-093e-11ed-8c50-0242ac130002,0.8917749,0.8917749
8f03c878-093e-11ed-8c50-0242ac130002,0.75114226,0.75114226
9fefc4e6-77e0-11ed-b9d0-0242ac150002,0.4937067,0.4937067
39e29ef8-7745-11ed-86b9-0242ac150002,0.95724493,0.95724493
8e3dd780-093e-11ed-8c50-0242ac130002,0.9657055,0.9657055
8e9fc648-093e-11ed-8c50-0242ac130002,0.23653285,0.23653285
8ed257f2-093e-11ed-8c50-0242ac130002,0.5912823,0.5912823
8f353f98-093e-11ed-8c50-0242ac130002,0.9573294,0.9573294
8e097c92-093e-11ed-8c50-0242ac130002,0.9494985,0.9494985
8e6ecd4a-093e-11ed-8c50-0242ac130002,0.30310085,0.30310085
c96ad7e2-77dc-11ed-aa77-0242ac150002,0.39816573,0.39816573
909490be-093e-11ed-8c50-0242ac130002,0.97079766,0.97079766
90f8c7fa-093e-11ed-8c50-0242ac130002,0.96423805,0.96423805
9c27469a-77e0-11ed-b9d0-0242ac150002,0.7917039,0.7917039
90023958-093e-11ed-8c50-0242ac130002,0.16877702,0.16877702
9032a20a-093e-11ed-8c50-0242ac130002,0.93043685,0.93043685
a0f32fb8-77e0-11ed-b9d0-0242ac150002,0.89726615,0.89726615
8f9ca64c-093e-11ed-8c50-0242ac130002,0.8845145,0.8845145
90c57a62-093e-11ed-8c50-0242ac130002,0.9631899,0.9631899
8fd07b48-093e-11ed-8c50-0242ac130002,0.6388046,0.6388046
906377ea-093e-11ed-8c50-0242ac130002,0.60380787,0.60380787
928e9f7c-093e-11ed-8c50-0242ac130002,0.38578263,0.38578263
91c0ec58-093e-11ed-8c50-0242ac130002,0.44778588,0.44778588
915f068c-093e-11ed-8c50-0242ac130002,0.16552912,0.16552912
c9e60976-77dc-11ed-aa77-0242ac150002,0.9533965,0.9533965
912ca91c-093e-11ed-8c50-0242ac130002,0.9682616,0.9682616
9c72e488-77e0-11ed-b9d0-0242ac150002,0.92460674,0.92460674
9226d4f0-093e-11ed-8c50-0242ac130002,0.9495413,0.9495413
92c238d2-093e-11ed-8c50-0242ac130002,0.86532557,0.86532557
925a3624-093e-11ed-8c50-0242ac130002,0.96903324,0.96903324
a4db4778-77e0-11ed-b9d0-0242ac150002,0.1354434,0.1354434
918ffde6-093e-11ed-8c50-0242ac130002,0.32947674,0.32947674
91f3e680-093e-11ed-8c50-0242ac130002,0.8842876,0.8842876
9cbcdf7a-77e0-11ed-b9d0-0242ac150002,0.4279997,0.4279997
93f92ad0-093e-11ed-8c50-0242ac130002,0.9666515,0.9666515
cd9970f8-77dc-11ed-aa77-0242ac150002,0.5292971,0.5292971
935db1e0-093e-11ed-8c50-0242ac130002,0.31937984,0.31937984
9391a284-093e-11ed-8c50-0242ac130002,0.93168557,0.93168557
a2982b52-77e0-11ed-b9d0-0242ac150002,0.96511704,0.96511704
93c52d3e-093e-11ed-8c50-0242ac130002,0.96314436,0.96314436
932a638a-093e-11ed-8c50-0242ac130002,0.7909705,0.7909705
92f652fc-093e-11ed-8c50-0242ac130002,0.88864124,0.88864124
942c3254-093e-11ed-8c50-0242ac130002,0.45848572,0.45848572
5db56368-41cc-11ee-b512-0242ac120002,0.10583511,0.10583511
5e7b2490-41cc-11ee-b512-0242ac120002,0.13267012,0.13267012
59e8dec2-41cc-11ee-b512-0242ac120002,0.96413416,0.96413416
98fa56d2-9b13-11ed-b765-0242ac120002,0.95007616,0.95007616
985f7126-9b13-11ed-b765-0242ac120002,0.23418042,0.23418042
9945628a-9b13-11ed-b765-0242ac120002,0.94949704,0.94949704
97c694e2-9b13-11ed-b765-0242ac120002,0.95417,0.95417
99e0218a-9b13-11ed-b765-0242ac120002,0.96895087,0.96895087
98abac94-9b13-11ed-b765-0242ac120002,0.9668179,0.9668179
92d87f32-d0eb-11ed-ae89-0242ac120002,0.9691872,0.9691872
da5d16ee-d175-11ed-83db-0242ac120002,0.8478071,0.8478071
b70f05b6-d171-11ed-a268-0242ac120002,0.5088129,0.5088129
d9413362-d175-11ed-83db-0242ac120002,0.87810475,0.87810475
cc228412-d628-11ed-990f-0242ac110002,0.9634009,0.9634009
d23b4a2c-d6f1-11ed-943d-0242ac160002,0.95392793,0.95392793
88564ad4-e776-11ed-910e-0242ac160002,0.9666969,0.9666969
3f190080-2a35-11ee-8d95-0242ac120002,0.9637608,0.9637608
3ef20052-2a35-11ee-8d95-0242ac120002,0.96550363,0.96550363
3f415170-2a35-11ee-8d95-0242ac120002,0.9661395,0.9661395
3f6854be-2a35-11ee-8d95-0242ac120002,0.88446283,0.88446283
3f8fab22-2a35-11ee-8d95-0242ac120002,0.96640176,0.96640176
3fb73926-2a35-11ee-8d95-0242ac120002,0.96504074,0.96504074
3fde83aa-2a35-11ee-8d95-0242ac120002,0.9665204,0.9665204
4005aeda-2a35-11ee-8d95-0242ac120002,0.9661422,0.9661422
4055d02c-2a35-11ee-8d95-0242ac120002,0.96429247,0.96429247
407cde6a-2a35-11ee-8d95-0242ac120002,0.9223923,0.9223923
40a290ec-2a35-11ee-8d95-0242ac120002,0.40782177,0.40782177
40ee5270-2a35-11ee-8d95-0242ac120002,0.9665143,0.9665143
4113fee4-2a35-11ee-8d95-0242ac120002,0.96504295,0.96504295
010cbd1c-21e4-11ee-aafa-0242ac120002,0.108761325,0.108761325
41a37a06-2a35-11ee-8d95-0242ac120002,0.37311324,0.37311324
41eeff80-2a35-11ee-8d95-0242ac120002,0.95931935,0.95931935
423bec32-2a35-11ee-8d95-0242ac120002,0.73187786,0.73187786
4357e85a-2a35-11ee-8d95-0242ac120002,0.30823642,0.30823642
43301ff0-2a35-11ee-8d95-0242ac120002,0.10415247,0.10415247
437fc0dc-2a35-11ee-8d95-0242ac120002,0.938506,0.938506
43aa0c84-2a35-11ee-8d95-0242ac120002,0.932902,0.932902
43d29492-2a35-11ee-8d95-0242ac120002,0.96565884,0.96565884
43fb87bc-2a35-11ee-8d95-0242ac120002,0.9505144,0.9505144
4424422e-2a35-11ee-8d95-0242ac120002,0.9644645,0.9644645
012af25a-21e4-11ee-aafa-0242ac120002,0.96374303,0.96374303
446c4fce-2a35-11ee-8d95-0242ac120002,0.9258138,0.9258138
44bd4654-2a35-11ee-8d95-0242ac120002,0.10009218,0.10009218
44947a3a-2a35-11ee-8d95-0242ac120002,0.9655642,0.9655642
450cf852-2a35-11ee-8d95-0242ac120002,0.9662237,0.9662237
455f1dd0-2a35-11ee-8d95-0242ac120002,0.1676901,0.1676901
45864b9e-2a35-11ee-8d95-0242ac120002,0.96622074,0.96622074
8790a0d8-af1c-11ea-9adb-4865ee11b869,0.15979908,0.15979908
87de620a-af1c-11ea-b61c-4865ee11b869,0.09897094,0.09897094
88834642-af1c-11ea-99e8-4865ee11b869,0.88270694,0.88270694
8896adda-af1c-11ea-b8d6-4865ee11b869,0.1062829,0.1062829
8f9aea1c-af1c-11ea-9aa2-4865ee11b869,0.17120339,0.17120339
056e161e-47af-11ec-a3ad-0242ac130002,0.70578533,0.70578533
93b35ab6-af1c-11ea-928e-4865ee11b869,0.9654163,0.9654163
944fb958-af1c-11ea-b6eb-4865ee11b869,0.12790145,0.12790145
9556c73a-af1c-11ea-9cdd-4865ee11b869,0.9658674,0.9658674
966753ba-af1c-11ea-8948-4865ee11b869,0.9184353,0.9184353
96dca036-af1c-11ea-b0dc-4865ee11b869,0.9656484,0.9656484
98adc05e-af1c-11ea-a780-4865ee11b869,0.9643932,0.9643932
9b856368-af1c-11ea-a4c0-4865ee11b869,0.96579576,0.96579576
9c233f66-af1c-11ea-84ba-4865ee11b869,0.1295724,0.1295724
6b1cd61e-af1c-11ea-a680-4865ee11b869,0.9659906,0.9659906
6c8ae480-af1c-11ea-85db-4865ee11b869,0.61787874,0.61787874
777f452e-af1c-11ea-af7e-4865ee11b869,0.96494293,0.96494293
7c5d5a6c-af1c-11ea-92a8-4865ee11b869,0.88344127,0.88344127
7cbe24da-af1c-11ea-b843-4865ee11b869,0.96510965,0.96510965
8cce407e-af1c-11ea-acdf-4865ee11b869,0.9670706,0.9670706
92b61130-af1c-11ea-9917-4865ee11b869,0.4606065,0.4606065
92f22dc6-af1c-11ea-bf3a-4865ee11b869,0.098501265,0.098501265
98862f2c-af1c-11ea-aa0a-4865ee11b869,0.099734105,0.099734105
6f402236-af1c-11ea-864f-4865ee11b869,0.34376305,0.34376305
7008925c-af1c-11ea-9d12-4865ee11b869,0.9674509,0.9674509
816c5b1a-af1c-11ea-b9fd-4865ee11b869,0.108710445,0.108710445
d301e95c-af62-11ea-88ee-4865ee11b869,0.09026221,0.09026221
824467d2-af1c-11ea-8ff2-4865ee11b869,0.9634808,0.9634808
87e81f5c-af1c-11ea-8287-4865ee11b869,0.9689601,0.9689601
88db9ef0-af1c-11ea-8e72-4865ee11b869,0.10940925,0.10940925
8db6acae-af1c-11ea-9add-4865ee11b869,0.9650415,0.9650415
8e1949c6-af1c-11ea-a32a-4865ee11b869,0.49831152,0.49831152
706c191c-af1c-11ea-970c-4865ee11b869,0.09710373,0.09710373
709188da-af1c-11ea-b27e-4865ee11b869,0.25957027,0.25957027
7147c478-af1c-11ea-85b1-4865ee11b869,0.09949403,0.09949403
71b69ba4-af1c-11ea-a84e-4865ee11b869,0.9656907,0.9656907
72ec9f68-af1c-11ea-aaee-4865ee11b869,0.96450907,0.96450907
73586e40-af1c-11ea-81c9-4865ee11b869,0.10696198,0.10696198
8b80d20c-af1c-11ea-8417-4865ee11b869,0.92772824,0.92772824
8ef27340-af1c-11ea-8ce6-4865ee11b869,0.15802984,0.15802984
8fc22180-af1c-11ea-b052-4865ee11b869,0.19629101,0.19629101
94f61066-af1c-11ea-8159-4865ee11b869,0.7785445,0.7785445
9509ffe2-af1c-11ea-8fd2-4865ee11b869,0.24933451,0.24933451
6e21c694-af1c-11ea-b6e8-4865ee11b869,0.768635,0.768635
81e1627a-af1c-11ea-aae6-4865ee11b869,0.114418596,0.114418596
82d756f4-af1c-11ea-9cdd-4865ee11b869,0.9301049,0.9301049
8ea43a9e-af1c-11ea-a5e5-4865ee11b869,0.15354621,0.15354621
8f605318-af1c-11ea-ab04-4865ee11b869,0.901207,0.901207
8fcbded8-af1c-11ea-a650-4865ee11b869,0.9582026,0.9582026
8fd5b2d0-af1c-11ea-9551-4865ee11b869,0.9680058,0.9680058
98e8304a-af1c-11ea-b224-4865ee11b869,0.30288166,0.30288166
7121dfe4-af1c-11ea-b01a-4865ee11b869,0.59129775,0.59129775
71beac74-af1c-11ea-9fc8-4865ee11b869,0.9539846,0.9539846
7bc23698-af1c-11ea-b284-4865ee11b869,0.8220251,0.8220251
e35c0794-04cc-48db-a0e9-fceda49959b2,0.53809345,0.53809345
f599dc0a-f3bb-4be4-b962-cbeb7440588e,0.93116987,0.93116987
492fa942-e338-41fe-beea-bedda5803370,0.4984413,0.4984413
1143d061-d1e1-4b5f-b805-472e07a5913d,0.27769083,0.27769083
96b98022-203e-4aab-906c-650e4f87c61e,0.48907876,0.48907876
dcf4f87a-4312-4df2-8773-51fc29fe8a7b,0.9473441,0.9473441
e8739bfb-c183-4ce6-ab54-38a77eee2d9f,0.16807659,0.16807659
aa42dd13-5fcf-4e48-97f5-7cbbbb31c4dc,0.46499255,0.46499255
5ca1baaf-eb72-48f9-8c5b-e797fb3b291d,0.1468937,0.1468937
c423202d-22ce-40f9-8680-6465c600f5a9,0.6106372,0.6106372
1ddf7e70-09cb-4720-870a-d12a580a933c,0.51301247,0.51301247
bff7ed58-ec50-4889-b972-62cc09e615e7,0.33136517,0.33136517
d5bb4b83-22d6-4d5f-ae35-06bac4a330f3,0.21082191,0.21082191
05c84884-2b99-4ad2-a3ff-c32e6f4c3153,0.9684241,0.9684241
3c16e0d4-4dc3-4300-b465-1b8f2d8fe86e,0.76471126,0.76471126
aee1ada6-8832-4834-842f-db12b2e6c35c,0.96796983,0.96796983
a8e618c8-3d36-4d07-87d2-2436ced56e79,0.9646829,0.9646829
6055a6ae-2a2c-4b10-a73c-ce988027604d,0.5257061,0.5257061
6ddbb8d8-43fc-4514-95b1-2552819034bd,0.9212211,0.9212211
ccc2c8df-7fad-44ec-bb7d-2a0689352e04,0.5361048,0.5361048
2a4d145c-dfaa-4233-97b3-ba068012239d,0.49661332,0.49661332
a6b3d1c6-4443-4986-bd37-ce39321cb4ef,0.95854884,0.95854884
b9369f09-d98d-4600-99af-1bd77dcabb78,0.48213813,0.48213813
2ab1e0d8-42f9-4933-8daf-c4c292f65306,0.3981414,0.3981414
e33cee4e-81a8-4402-8144-192274cedab1,0.22236812,0.22236812
662ca602-c2e9-40ff-93e1-c76b7dc9a460,0.9651433,0.9651433
20793292-814c-11eb-a9a0-0242ac130002,0.21476732,0.21476732
b75180ba-124d-11ec-82e5-0242ac130002,0.9378365,0.9378365
bf233432-124d-11ec-82e5-0242ac130002,0.45924467,0.45924467
78a99f4a-b01e-11ec-8264-0242ac140002,0.9607079,0.9607079
7a8cd28c-b01e-11ec-8264-0242ac140002,0.3078242,0.3078242
39572b52-7745-11ed-86b9-0242ac150002,0.7914652,0.7914652
8f68d5ce-093e-11ed-8c50-0242ac130002,0.18309157,0.18309157
94602df2-093e-11ed-8c50-0242ac130002,0.9699763,0.9699763
9992f4d2-9b13-11ed-b765-0242ac120002,0.94123185,0.94123185
402e836e-2a35-11ee-8d95-0242ac120002,0.33634904,0.33634904
44e5780e-2a35-11ee-8d95-0242ac120002,0.11568287,0.11568287
4535be7c-2a35-11ee-8d95-0242ac120002,0.9648466,0.9648466
